Workbook

Sheet 工作表1
AX5: =Z72 -> 官嶼里
D6: 陳玉珍得票率
C7: 0.3 | F7: 0.4 | I7: 0.5 | L7: 0.6 | O7: 0.7 | T7: =B42 -> 古寧村 | Y7: =B47 -> 安美村 | AS7: =Z67 -> 西園里 | AX7: =AA72 -> ①吳炎成 | BA7: =AD72 -> 1 | BC7: =Z47 -> 三山里
AX8: =AA73 -> ②李炷烽 | BA8: =AD73 -> 73
T9: =C42 -> ①吳炎成 | W9: =G42 -> 5 | Y9: =C47 -> ①吳炎成 | AB9: =G47 -> 14 | AS9: =AA67 -> ①吳炎成 | AV9: =AD67 -> 8 | AX9: =AA74 -> ③黃積軍 | BA9: =AD74 -> 2 | BC9: =AA47 -> ①吳炎成 | BF9: =AD47 -> 11
D10: 尚文凱得票率 | T10: =C43 -> ②李炷烽 | W10: =G43 -> 485 | Y10: =C48 -> ②李炷烽 | AB10: =G48 -> 321 | AN10: =Z77 -> 浦山里 | AS10: =AA68 -> ②李炷烽 | AV10: =AD68 -> 136 | AX10: =Z42 -> 汶沙里 | BC10: =AA48 -> ②李炷烽 | BF10: =AD48 -> 216
C11: 0.3 | F11: 0.4 | I11: 0.5 | L11: 0.6 | O11: 0.7 | T11: =C44 -> ③黃積軍 | W11: =G44 -> 5 | Y11: =C49 -> ③黃積軍 | AB11: =G49 -> 8 | AS11: =AA69 -> ③黃積軍 | AV11: =AD69 -> 9 | BC11: =AA49 -> ③黃積軍 | BF11: =AD49 -> 6
Y12: =B57 -> 湖埔村 | AD12: =B52 -> 后盤村 | AN12: =AA77 -> ①吳炎成 | AQ12: =AD77 -> 9 | AS12: =Z62 -> 何斗里 | AX12: =AA42 -> ①吳炎成 | BA12: =AD42 -> 30 | BC12: =Z52 -> 大洋里
AN13: =AA78 -> ②李炷烽 | AQ13: =AD78 -> 243 | AX13: =AA43 -> ②李炷烽 | BA13: =AD43 -> 558
Y14: =C57 -> ①吳炎成 | AB14: =F57 -> 0 | AD14: =C52 -> ①吳炎成 | AG14: =F52 -> 0 | AN14: =AA79 -> ③黃積軍 | AQ14: =AD79 -> 5 | AS14: =AA62 -> ①吳炎成 | AV14: =AD62 -> 14 | AX14: =AA44 -> ③黃積軍 | BA14: =AD44 -> 17 | BC14: =AA52 -> ①吳炎成 | BF14: =AD52 -> 12
H15: =AX52 -> 西口村 | Y15: =C58 -> ②李炷烽 | AB15: =F58 -> 0 | AD15: =C53 -> ②李炷烽 | AG15: =F53 -> 0 | AI15: =B67 -> 盤山村 | AN15: =AL62 -> 瓊林里 | AS15: =AA63 -> ②李炷烽 | AV15: =AD63 -> 166 | AX15: =Z57 -> 光前里 | BC15: =AA53 -> ②李炷烽 | BF15: =AD53 -> 120
Y16: =C59 -> ③黃積軍 | AB16: =F59 -> 0 | AD16: =C54 -> ③黃積軍 | AG16: =F54 -> 0 | AS16: =AA64 -> ③黃積軍 | AV16: =AD64 -> 6 | BC16: =AA54 -> ③黃積軍 | BF16: =AD54 -> 2
C17: =AX47 -> 上林村 | H17: =AY52 -> ①吳炎成 | K17: =BB52 -> 3 | M17: =AX62 -> 黃埔村 | Y17: =N47 -> 西門里 | AD17: =N57 -> 北門里 | AI17: =C67 -> ①吳炎成 | AL17: =F67 -> 0 | AN17: =AM62 -> ①吳炎成 | AQ17: =AP62 -> 19 | AS17: =AL47 -> 山外里 | AX17: =AA57 -> ①吳炎成 | BA17: =AD57 -> 8 | BC17: =AL72 -> 溪湖里
H18: =AY53 -> ②李炷烽 | K18: =BB53 -> 127 | AI18: =C68 -> ②李炷烽 | AL18: =F68 -> 0 | AN18: =AM63 -> ②李炷烽 | AQ18: =AP63 -> 321 | AX18: =AA58 -> ②李炷烽 | BA18: =AD58 -> 199
C19: =AY47 -> ①吳炎成 | F19: =BB47 -> 1 | H19: =AY54 -> ③黃積軍 | K19: =BB54 -> 2 | M19: =AY62 -> ①吳炎成 | P19: =BB62 -> 6 | Y19: =O47 -> ①吳炎成 | AB19: =R47 -> 24 | AD19: =O57 -> ①吳炎成 | AG19: =R57 -> 12 | AI19: =C69 -> ③黃積軍 | AL19: =F69 -> 0 | AN19: =AM64 -> ③黃積軍 | AQ19: =AP64 -> 8 | AS19: =AM47 -> ①吳炎成 | AV19: =AP47 -> 24 | AX19: =AA59 -> ③黃積軍 | BA19: =AD59 -> 13 | BC19: =AM72 -> ①吳炎成 | BF19: =AP72 -> 15
C20: =AY48 -> ②李炷烽 | F20: =BB48 -> 141 | H20: =AX57 -> 林湖村 | M20: =AY63 -> ②李炷烽 | P20: =BB63 -> 113 | Y20: =O48 -> ②李炷烽 | AB20: =R48 -> 895 | AD20: =O58 -> ②李炷烽 | AG20: =R58 -> 463 | AI20: =B62 -> 榜林村 | AN20: =AL52 -> 正義里 | AS20: =AM48 -> ②李炷烽 | AV20: =AP48 -> 381 | AX20: =AL42 -> 新市里 | BC20: =AM73 -> ②李炷烽 | BF20: =AP73 -> 157
C21: =AY49 -> ③黃積軍 | F21: =BB49 -> 2 | M21: =AY64 -> ③黃積軍 | P21: =BB64 -> 6 | Y21: =O49 -> ③黃積軍 | AB21: =R49 -> 19 | AD21: =O59 -> ③黃積軍 | AG21: =R59 -> 15 | AS21: =AM49 -> ③黃積軍 | AV21: =AP49 -> 7 | BC21: =AM74 -> ③黃積軍 | BF21: =AP74 -> 5
C22: =AX42 -> 上岐村 | H22: =AY57 -> ①吳炎成 | K22: =BB57 -> 8 | Y22: =N52 -> 南門里 | AD22: =N42 -> 東門里 | AI22: =C62 -> ①吳炎成 | AL22: =F62 -> 0 | AN22: =AM52 -> ①吳炎成 | AQ22: =AP52 -> 15 | AS22: =AL67 -> 新湖里 | AX22: =AM42 -> ①吳炎成 | BA22: =AP42 -> 22 | BC22: =AL77 -> 蓮庵里
H23: =AY58 -> ②李炷烽 | K23: =BB58 -> 344 | AI23: =C63 -> ②李炷烽 | AL23: =F63 -> 0 | AN23: =AM53 -> ②李炷烽 | AQ23: =AP53 -> 237 | AX23: =AM43 -> ②李炷烽 | BA23: =AP43 -> 595
C24: =AY42 -> ①吳炎成 | F24: =BB42 -> 9 | H24: =AY59 -> ③黃積軍 | K24: =BB59 -> 5 | Y24: =O52 -> ①吳炎成 | AB24: =R52 -> 24 | AD24: =O42 -> ①吳炎成 | AG24: =R42 -> 16 | AI24: =C64 -> ③黃積軍 | AL24: =F64 -> 0 | AN24: =AM54 -> ③黃積軍 | AQ24: =AP54 -> 14 | AS24: =AM67 -> ①吳炎成 | AV24: =AP67 -> 25 | AX24: =AM44 -> ③黃積軍 | BA24: =AP44 -> 14 | BC24: =AM77 -> ①吳炎成 | BF24: =AP77 -> 2
C25: =AY43 -> ②李炷烽 | F25: =BB43 -> 291 | Y25: =O53 -> ②李炷烽 | AB25: =R53 -> 695 | AD25: =O43 -> ②李炷烽 | AG25: =R43 -> 423 | AS25: =AM68 -> ②李炷烽 | AV25: =AP68 -> 348 | AX25: =AL57 -> 料羅里 | BC25: =AM78 -> ②李炷烽 | BF25: =AP78 -> 121
C26: =AY44 -> ③黃積軍 | F26: =BB44 -> 6 | Y26: =O54 -> ③黃積軍 | AB26: =R54 -> 24 | AD26: =O44 -> ③黃積軍 | AG26: =R44 -> 12 | AS26: =AM69 -> ③黃積軍 | AV26: =AP69 -> 16 | BC26: =AM79 -> ③黃積軍 | BF26: =AP79 -> 8
R27: =N67 -> 金水里 | W27: =N77 -> 賢庵里 | AB27: =N72 -> 珠沙里 | AX27: =AM57 -> ①吳炎成 | BA27: =AP57 -> 10
AX28: =AM58 -> ②李炷烽 | BA28: =AP58 -> 193
C29: 烈嶼鄉 | D29: =AY42 -> ①吳炎成 | H29: =SUMIF(AY42:BB64,D29,BC42:BE64) -> 27 | K29: =H29/SUM(H29:H31) -> 0.02537594 | R29: =O67 -> ①吳炎成 | U29: =R67 -> 3 | W29: =O77 -> ①吳炎成 | Z29: =R77 -> 20 | AB29: =O72 -> ①吳炎成 | AE29: =R72 -> 3 | AI29: 金沙鎮 | AJ29: =AA42 -> ①吳炎成 | AM29: =SUM(AD42,AD47,AD52,AD57,AD62,AD67,AD72,AD77) -> 93 | AN29: =SUMIF(AA42:AD79,AJ29,AE42:AG79) -> 93 | AP29: =AM29/7105 -> 0.013089374 | AQ29: =AN29/SUM(AN29:AN31) -> 0.049892704 | AX29: =AM59 -> ③黃積軍 | BA29: =AP59 -> 6
D30: =AY43 -> ②李炷烽 | H30: =SUMIF(AY42:BB64,D30,BC42:BE64) -> 1016 | J30: =G30/4168 -> 0 | K30: =H30/SUM(H29:H31) -> 0.95488722 | R30: =O68 -> ②李炷烽 | U30: =R68 -> 166 | W30: =O78 -> ②李炷烽 | Z30: =R78 -> 337 | AB30: =O73 -> ②李炷烽 | AE30: =R73 -> 156 | AJ30: =AA43 -> ②李炷烽 | AM30: =SUM(AD43,AD48,AD53,AD58,AD63,AD68,AD73,AD78) -> 1711 | AN30: =SUMIF(AA42:AD79,AJ30,AE42:AG79) -> 1711 | AP30: =AM30/7105 -> 0.24081633 | AQ30: =AN30/SUM(AN29:AN31) -> 0.91791845
D31: =AY44 -> ③黃積軍 | H31: =SUMIF(AY42:BB64,D31,BC42:BE64) -> 21 | J31: =G31/4168 -> 0 | K31: =H31/SUM(H29:H31) -> 0.019736842 | R31: =O69 -> ③黃積軍 | U31: =R69 -> 33 | W31: =O79 -> ③黃積軍 | Z31: =R79 -> 12 | AB31: =O74 -> ③黃積軍 | AE31: =R74 -> 2 | AJ31: =AA44 -> ③黃積軍 | AM31: =SUM(AD44,AD49,AD54,AD59,AD64,AD69,AD74,AD79) -> 60 | AN31: =SUMIF(AA42:AD79,AJ31,AE42:AG79) -> 60 | AP31: =AM31/7105 -> 0.0084447572 | AQ31: =AN31/SUM(AN29:AN31) -> 0.032188841
C32: 金寧鄉 | D32: =C42 -> ①吳炎成 | G32: =SUM(F42,F47,F52,F57,F62,F67) -> 0 | H32: =SUMIF(C42:F69,D32,G42:I69) -> 54 | J32: =G32/10846 -> 0 | K32: =H32/SUM(H32:H34) -> 0.028465999 | W32: =N62 -> 古城里 | AI32: 金湖鎮 | AJ32: =AM42 -> ①吳炎成 | AM32: =SUM(AP42,AP47,AP52,AP57,AP62,AP67,AP72,AP77) -> 132 | AN32: =SUMIF(AM42:AP79,AJ32,AQ42:AS79) -> 132 | AP32: =AM32/10668 -> 0.012373453 | AQ32: =AN32/SUM(AN32:AN34) -> 0.051502146 | AW32: =AX69 -> 大坵村
D33: =C43 -> ②李炷烽 | G33: =SUM(F43,F48,F53,F58,F63,F68) -> 0 | H33: =SUMIF(C42:F69,D33,G42:I69) -> 1822 | J33: =G33/10846 -> 0 | K33: =H33/SUM(H32:H34) -> 0.96046389 | AJ33: =AM43 -> ②李炷烽 | AM33: =SUM(AP43,AP48,AP53,AP58,AP63,AP68,AP73,AP78) -> 2353 | AN33: =SUMIF(AM42:AP79,AJ33,AQ42:AS79) -> 2353 | AP33: =AM33/10668 -> 0.22056618 | AQ33: =AN33/SUM(AN32:AN34) -> 0.91806477
D34: =C44 -> ③黃積軍 | G34: =SUM(F44,F49,F54,F59,F64,F69) -> 0 | H34: =SUMIF(C42:F69,D34,G42:I69) -> 21 | J34: =G34/10846 -> 0 | K34: =H34/SUM(H32:H34) -> 0.011070111 | W34: =O62 -> ①吳炎成 | Z34: =R57 -> 12 | AJ34: =AM44 -> ③黃積軍 | AM34: =SUM(AP44,AP49,AP54,AP59,AP64,AP69,AP74,AP79) -> 78 | AN34: =SUMIF(AM42:AP79,AJ34,AQ42:AS79) -> 78 | AP34: =AM34/10668 -> 0.0073115861 | AQ34: =AN34/SUM(AN32:AN34) -> 0.030433086 | AW34: =AY69 -> ①吳炎成 | AZ34: =BB69 -> 0
C35: 金城鎮 | D35: =O42 -> ①吳炎成 | G35: =SUM(R42,R47,R52,R57,R62,R67,R72,R77) -> 112 | H35: =SUMIF(O42:O79,D35,S42:S79) -> 112 | J35: =G35/14119 -> 0.0079325731 | K35: =H35/SUM(H35:H37) -> 0.030930682 | W35: =O63 -> ②李炷烽 | Z35: =R58 -> 463 | AI35: 烏坵鄉 | AJ35: =AY69 -> ①吳炎成 | AM35: =SUM(BB69,BB72) -> 3 | AN35: =SUMIF(AY69:BB74,AJ35,BC69:BE74) -> 0 | AP35: =AM35/208 -> 0.014423077 | AQ35: =AN35/SUM(AN35:AN37) -> 0 | AW35: =AY70 -> ②李炷烽 | AZ35: =BB70 -> 1
D36: =O43 -> ②李炷烽 | G36: =SUM(R43,R48,R53,R58,R63,R68,R73,R78) -> 3386 | H36: =SUMIF(O42:O79,D36,S42:S79) -> 3386 | J36: =G36/14119 -> 0.23981868 | K36: =H36/SUM(H35:H37) -> 0.9351008 | W36: =O64 -> ③黃積軍 | Z36: =R59 -> 15 | AJ36: =AY70 -> ②李炷烽 | AM36: =SUM(BB70,BB73) -> 10 | AN36: =SUMIF(AY69:BB74,AJ36,BC69:BE74) -> 1 | AP36: =AM36/208 -> 0.048076923 | AQ36: =AN36/SUM(AN35:AN37) -> 1 | AW36: =AY71 -> ③黃積軍 | AZ36: =BB71 -> 0
D37: =O44 -> ③黃積軍 | G37: =SUM(R44,R49,R54,R59,R64,R69,R74,R79) -> 123 | H37: =SUMIF(O42:O79,D37,S42:S79) -> 123 | J37: =G37/14119 -> 0.0087116651 | K37: =H37/SUM(H35:H37) -> 0.033968517 | AJ37: =AY71 -> ③黃積軍 | AM37: =SUM(BB71,BB74) -> 0 | AN37: =SUMIF(AY69:BB74,AJ37,BC69:BE74) -> 0 | AP37: =AM37/208 -> 0 | AQ37: =AN37/SUM(AN35:AN37) -> 0
B39: 1996年金門縣國大代表選舉︱投票日：1996.3.23，選舉人數 30173，投票數 20938，有效票 20275，無效票 663，投票率 69.39% | BH39: 資料來源｜政大選舉研究中心，製表｜OS259
B41: 金寧鄉 | N41: 金城鎮 | Z41: 金沙鎮 | AL41: 金湖鎮 | AX41: 烈嶼鄉
B42: 古寧村 | C42: =金寧鄉!B2 -> ①吳炎成 | G42: =金寧鄉!D2 -> 5 | J42: =G42/SUM(G$42:G$46) -> 0.0080906149 | M42: =IF(MAX(J$42:J$44)=J42,IF(J42>=0.7,1,IF(J42>=0.6,2,IF(J42>=0.5,3,IF(J42>=0.4,4,5)))),0) -> 0 | N42: 東門里 | O42: =金城鎮!B2 -> ①吳炎成 | R42: =金城鎮!D2 -> 16 | S42: =金城鎮!D2 -> 16 | V42: =S42/SUM(S$42:S$46) -> 0.016736402 | Y42: =IF(MAX(V$42:V$44)=V42,IF(V42>=0.7,1,IF(V42>=0.6,2,IF(V42>=0.5,3,IF(V42>=0.4,4,5)))),0) -> 0 | Z42: 汶沙里 | AA42: =金沙鎮!B2 -> ①吳炎成 | AD42: =金沙鎮!D2 -> 30 | AE42: =金沙鎮!D2 -> 30 | AH42: =AE42/SUM(AE$42:AE$46) -> 0.029211295 | AK42: =IF(MAX(AH$42:AH$44)=AH42,IF(AH42>=0.7,1,IF(AH42>=0.6,2,IF(AH42>=0.5,3,IF(AH42>=0.4,4,5)))),0) -> 0 | AL42: 新市里 | AM42: =金湖鎮!B2 -> ①吳炎成 | AP42: =金湖鎮!D2 -> 22 | AQ42: =金湖鎮!D2 -> 22 | AT42: =AQ42/SUM(AQ$42:AQ$46) -> 0.021093001 | AW42: =IF(MAX(AT$42:AT$44)=AT42,IF(AT42>=0.7,1,IF(AT42>=0.6,2,IF(AT42>=0.5,3,IF(AT42>=0.4,4,5)))),0) -> 0 | AX42: 上岐村 | AY42: =烈嶼鄉!B2 -> ①吳炎成 | BB42: =烈嶼鄉!D2 -> 9 | BC42: =烈嶼鄉!D2 -> 9 | BF42: =BC42/SUM(BC$42:BC$46) -> 0.018442623 | BI42: =IF(MAX(BF$42:BF$44)=BF42,IF(BF42>=0.7,1,IF(BF42>=0.6,2,IF(BF42>=0.5,3,IF(BF42>=0.4,4,5)))),0) -> 0
C43: =金寧鄉!B3 -> ②李炷烽 | G43: =金寧鄉!D3 -> 485 | J43: =G43/SUM(G$42:G$46) -> 0.78478964 | M43: =IF(MAX(J$42:J$44)=J43,IF(J43>=0.7,1,IF(J43>=0.6,2,IF(J43>=0.5,3,IF(J43>=0.4,4,5)))),0) -> 1 | O43: =金城鎮!B3 -> ②李炷烽 | R43: =金城鎮!D3 -> 423 | S43: =金城鎮!D3 -> 423 | V43: =S43/SUM(S$42:S$46) -> 0.44246862 | Y43: =IF(MAX(V$42:V$44)=V43,IF(V43>=0.7,1,IF(V43>=0.6,2,IF(V43>=0.5,3,IF(V43>=0.4,4,5)))),0) -> 4 | AA43: =金沙鎮!B3 -> ②李炷烽 | AD43: =金沙鎮!D3 -> 558 | AE43: =金沙鎮!D3 -> 558 | AH43: =AE43/SUM(AE$42:AE$46) -> 0.54333009 | AK43: =IF(MAX(AH$42:AH$44)=AH43,IF(AH43>=0.7,1,IF(AH43>=0.6,2,IF(AH43>=0.5,3,IF(AH43>=0.4,4,5)))),0) -> 3 | AM43: =金湖鎮!B3 -> ②李炷烽 | AP43: =金湖鎮!D3 -> 595 | AQ43: =金湖鎮!D3 -> 595 | AT43: =AQ43/SUM(AQ$42:AQ$46) -> 0.5704698 | AW43: =IF(MAX(AT$42:AT$44)=AT43,IF(AT43>=0.7,1,IF(AT43>=0.6,2,IF(AT43>=0.5,3,IF(AT43>=0.4,4,5)))),0) -> 3 | AY43: =烈嶼鄉!B3 -> ②李炷烽 | BB43: =烈嶼鄉!D3 -> 291 | BC43: =烈嶼鄉!D3 -> 291 | BF43: =BC43/SUM(BC$42:BC$46) -> 0.59631148 | BI43: =IF(MAX(BF$42:BF$44)=BF43,IF(BF43>=0.7,1,IF(BF43>=0.6,2,IF(BF43>=0.5,3,IF(BF43>=0.4,4,5)))),0) -> 3
C44: =金寧鄉!B4 -> ③黃積軍 | G44: =金寧鄉!D4 -> 5 | J44: =G44/SUM(G$42:G$46) -> 0.0080906149 | M44: =IF(MAX(J$42:J$44)=J44,IF(J44>=0.7,1,IF(J44>=0.6,2,IF(J44>=0.5,3,IF(J44>=0.4,4,5)))),0) -> 0 | O44: =金城鎮!B4 -> ③黃積軍 | R44: =金城鎮!D4 -> 12 | S44: =金城鎮!D4 -> 12 | V44: =S44/SUM(S$42:S$46) -> 0.012552301 | Y44: =IF(MAX(V$42:V$44)=V44,IF(V44>=0.7,1,IF(V44>=0.6,2,IF(V44>=0.5,3,IF(V44>=0.4,4,5)))),0) -> 0 | AA44: =金沙鎮!B4 -> ③黃積軍 | AD44: =金沙鎮!D4 -> 17 | AE44: =金沙鎮!D4 -> 17 | AH44: =AE44/SUM(AE$42:AE$46) -> 0.016553067 | AK44: =IF(MAX(AH$42:AH$44)=AH44,IF(AH44>=0.7,1,IF(AH44>=0.6,2,IF(AH44>=0.5,3,IF(AH44>=0.4,4,5)))),0) -> 0 | AM44: =金湖鎮!B4 -> ③黃積軍 | AP44: =金湖鎮!D4 -> 14 | AQ44: =金湖鎮!D4 -> 14 | AT44: =AQ44/SUM(AQ$42:AQ$46) -> 0.013422819 | AW44: =IF(MAX(AT$42:AT$44)=AT44,IF(AT44>=0.7,1,IF(AT44>=0.6,2,IF(AT44>=0.5,3,IF(AT44>=0.4,4,5)))),0) -> 0 | AY44: =烈嶼鄉!B4 -> ③黃積軍 | BB44: =烈嶼鄉!D4 -> 6 | BC44: =烈嶼鄉!D4 -> 6 | BF44: =BC44/SUM(BC$42:BC$46) -> 0.012295082 | BI44: =IF(MAX(BF$42:BF$44)=BF44,IF(BF44>=0.7,1,IF(BF44>=0.6,2,IF(BF44>=0.5,3,IF(BF44>=0.4,4,5)))),0) -> 0
C45: =金寧鄉!B5 -> ④楊肅元 | G45: =金寧鄉!D5 -> 63 | J45: =G45/SUM(G$42:G$46) -> 0.10194175 | M45: =IF(MAX(J$42:J$44)=J45,IF(J45>=0.7,1,IF(J45>=0.6,2,IF(J45>=0.5,3,IF(J45>=0.4,4,5)))),0) -> 0 | O45: =金城鎮!B5 -> ④楊肅元 | R45: =金城鎮!D5 -> 390 | S45: =金城鎮!D5 -> 390 | V45: =S45/SUM(S$42:S$46) -> 0.40794979 | Y45: =IF(MAX(V$42:V$44)=V45,IF(V45>=0.7,1,IF(V45>=0.6,2,IF(V45>=0.5,3,IF(V45>=0.4,4,5)))),0) -> 0 | AA45: =金沙鎮!B5 -> ④楊肅元 | AD45: =金沙鎮!D5 -> 271 | AE45: =金沙鎮!D5 -> 271 | AH45: =AE45/SUM(AE$42:AE$46) -> 0.26387537 | AK45: =IF(MAX(AH$42:AH$44)=AH45,IF(AH45>=0.7,1,IF(AH45>=0.6,2,IF(AH45>=0.5,3,IF(AH45>=0.4,4,5)))),0) -> 0 | AM45: =金湖鎮!B5 -> ④楊肅元 | AP45: =金湖鎮!D5 -> 244 | AQ45: =金湖鎮!D5 -> 244 | AT45: =AQ45/SUM(AQ$42:AQ$46) -> 0.23394056 | AW45: =IF(MAX(AT$42:AT$44)=AT45,IF(AT45>=0.7,1,IF(AT45>=0.6,2,IF(AT45>=0.5,3,IF(AT45>=0.4,4,5)))),0) -> 0 | AY45: =烈嶼鄉!B5 -> ④楊肅元 | BB45: =烈嶼鄉!D5 -> 91 | BC45: =烈嶼鄉!D5 -> 91 | BF45: =BC45/SUM(BC$42:BC$46) -> 0.18647541 | BI45: =IF(MAX(BF$42:BF$44)=BF45,IF(BF45>=0.7,1,IF(BF45>=0.6,2,IF(BF45>=0.5,3,IF(BF45>=0.4,4,5)))),0) -> 0
C46: =金寧鄉!B6 -> ⑤翟美玉 | G46: =金寧鄉!D6 -> 60 | J46: =G46/SUM(G$42:G$46) -> 0.097087379 | M46: =IF(MAX(J$42:J$44)=J46,IF(J46>=0.7,1,IF(J46>=0.6,2,IF(J46>=0.5,3,IF(J46>=0.4,4,5)))),0) -> 0 | O46: =金城鎮!B6 -> ⑤翟美玉 | R46: =金城鎮!D6 -> 115 | S46: =金城鎮!D6 -> 115 | V46: =S46/SUM(S$42:S$46) -> 0.12029289 | Y46: =IF(MAX(V$42:V$44)=V46,IF(V46>=0.7,1,IF(V46>=0.6,2,IF(V46>=0.5,3,IF(V46>=0.4,4,5)))),0) -> 0 | AA46: =金沙鎮!B6 -> ⑤翟美玉 | AD46: =金沙鎮!D6 -> 151 | AE46: =金沙鎮!D6 -> 151 | AH46: =AE46/SUM(AE$42:AE$46) -> 0.14703019 | AK46: =IF(MAX(AH$42:AH$44)=AH46,IF(AH46>=0.7,1,IF(AH46>=0.6,2,IF(AH46>=0.5,3,IF(AH46>=0.4,4,5)))),0) -> 0 | AM46: =金湖鎮!B6 -> ⑤翟美玉 | AP46: =金湖鎮!D6 -> 168 | AQ46: =金湖鎮!D6 -> 168 | AT46: =AQ46/SUM(AQ$42:AQ$46) -> 0.16107383 | AW46: =IF(MAX(AT$42:AT$44)=AT46,IF(AT46>=0.7,1,IF(AT46>=0.6,2,IF(AT46>=0.5,3,IF(AT46>=0.4,4,5)))),0) -> 0 | AY46: =烈嶼鄉!B6 -> ⑤翟美玉 | BB46: =烈嶼鄉!D6 -> 91 | BC46: =烈嶼鄉!D6 -> 91 | BF46: =BC46/SUM(BC$42:BC$46) -> 0.18647541 | BI46: =IF(MAX(BF$42:BF$44)=BF46,IF(BF46>=0.7,1,IF(BF46>=0.6,2,IF(BF46>=0.5,3,IF(BF46>=0.4,4,5)))),0) -> 0
B47: 安美村 | C47: =金寧鄉!B7 -> ①吳炎成 | G47: =金寧鄉!D7 -> 14 | J47: =G47/SUM(G$47:G$51) -> 0.017834395 | M47: =IF(MAX(J$47:J$49)=J47,IF(J47>=0.7,1,IF(J47>=0.6,2,IF(J47>=0.5,3,IF(J47>=0.4,4,5)))),0) -> 0 | N47: 西門里 | O47: =金城鎮!B7 -> ①吳炎成 | R47: =金城鎮!D7 -> 24 | S47: =金城鎮!D7 -> 24 | V47: =S47/SUM(S$47:S$51) -> 0.014226437 | Y47: =IF(MAX(V$47:V$49)=V47,IF(V47>=0.7,1,IF(V47>=0.6,2,IF(V47>=0.5,3,IF(V47>=0.4,4,5)))),0) -> 0 | Z47: 三山里 | AA47: =金沙鎮!B7 -> ①吳炎成 | AD47: =金沙鎮!D7 -> 11 | AE47: =金沙鎮!D7 -> 11 | AH47: =AE47/SUM(AE$47:AE$51) -> 0.030985915 | AK47: =IF(MAX(AH$47:AH$49)=AH47,IF(AH47>=0.7,1,IF(AH47>=0.6,2,IF(AH47>=0.5,3,IF(AH47>=0.4,4,5)))),0) -> 0 | AL47: 山外里 | AM47: =金湖鎮!B7 -> ①吳炎成 | AP47: =金湖鎮!D7 -> 24 | AQ47: =金湖鎮!D7 -> 24 | AT47: =AQ47/SUM(AQ$47:AQ$51) -> 0.032476319 | AW47: =IF(MAX(AT$47:AT$49)=AT47,IF(AT47>=0.7,1,IF(AT47>=0.6,2,IF(AT47>=0.5,3,IF(AT47>=0.4,4,5)))),0) -> 0 | AX47: 上林村 | AY47: =烈嶼鄉!B7 -> ①吳炎成 | BB47: =烈嶼鄉!D7 -> 1 | BC47: =烈嶼鄉!D7 -> 1 | BF47: =BC47/SUM(BC$47:BC$51) -> 0.0042918455 | BI47: =IF(MAX(BF$47:BF$49)=BF47,IF(BF47>=0.7,1,IF(BF47>=0.6,2,IF(BF47>=0.5,3,IF(BF47>=0.4,4,5)))),0) -> 0
C48: =金寧鄉!B8 -> ②李炷烽 | G48: =金寧鄉!D8 -> 321 | J48: =G48/SUM(G$47:G$51) -> 0.4089172 | M48: =IF(MAX(J$47:J$49)=J48,IF(J48>=0.7,1,IF(J48>=0.6,2,IF(J48>=0.5,3,IF(J48>=0.4,4,5)))),0) -> 4 | O48: =金城鎮!B8 -> ②李炷烽 | R48: =金城鎮!D8 -> 895 | S48: =金城鎮!D8 -> 895 | V48: =S48/SUM(S$47:S$51) -> 0.53052756 | Y48: =IF(MAX(V$47:V$49)=V48,IF(V48>=0.7,1,IF(V48>=0.6,2,IF(V48>=0.5,3,IF(V48>=0.4,4,5)))),0) -> 3 | AA48: =金沙鎮!B8 -> ②李炷烽 | AD48: =金沙鎮!D8 -> 216 | AE48: =金沙鎮!D8 -> 216 | AH48: =AE48/SUM(AE$47:AE$51) -> 0.6084507 | AK48: =IF(MAX(AH$47:AH$49)=AH48,IF(AH48>=0.7,1,IF(AH48>=0.6,2,IF(AH48>=0.5,3,IF(AH48>=0.4,4,5)))),0) -> 2 | AM48: =金湖鎮!B8 -> ②李炷烽 | AP48: =金湖鎮!D8 -> 381 | AQ48: =金湖鎮!D8 -> 381 | AT48: =AQ48/SUM(AQ$47:AQ$51) -> 0.51556157 | AW48: =IF(MAX(AT$47:AT$49)=AT48,IF(AT48>=0.7,1,IF(AT48>=0.6,2,IF(AT48>=0.5,3,IF(AT48>=0.4,4,5)))),0) -> 3 | AY48: =烈嶼鄉!B8 -> ②李炷烽 | BB48: =烈嶼鄉!D8 -> 141 | BC48: =烈嶼鄉!D8 -> 141 | BF48: =BC48/SUM(BC$47:BC$51) -> 0.60515021 | BI48: =IF(MAX(BF$47:BF$49)=BF48,IF(BF48>=0.7,1,IF(BF48>=0.6,2,IF(BF48>=0.5,3,IF(BF48>=0.4,4,5)))),0) -> 2
C49: =金寧鄉!B9 -> ③黃積軍 | G49: =金寧鄉!D9 -> 8 | J49: =G49/SUM(G$47:G$51) -> 0.010191083 | M49: =IF(MAX(J$47:J$49)=J49,IF(J49>=0.7,1,IF(J49>=0.6,2,IF(J49>=0.5,3,IF(J49>=0.4,4,5)))),0) -> 0 | O49: =金城鎮!B9 -> ③黃積軍 | R49: =金城鎮!D9 -> 19 | S49: =金城鎮!D9 -> 19 | V49: =S49/SUM(S$47:S$51) -> 0.011262596 | Y49: =IF(MAX(V$47:V$49)=V49,IF(V49>=0.7,1,IF(V49>=0.6,2,IF(V49>=0.5,3,IF(V49>=0.4,4,5)))),0) -> 0 | AA49: =金沙鎮!B9 -> ③黃積軍 | AD49: =金沙鎮!D9 -> 6 | AE49: =金沙鎮!D9 -> 6 | AH49: =AE49/SUM(AE$47:AE$51) -> 0.016901408 | AK49: =IF(MAX(AH$47:AH$49)=AH49,IF(AH49>=0.7,1,IF(AH49>=0.6,2,IF(AH49>=0.5,3,IF(AH49>=0.4,4,5)))),0) -> 0 | AM49: =金湖鎮!B9 -> ③黃積軍 | AP49: =金湖鎮!D9 -> 7 | AQ49: =金湖鎮!D9 -> 7 | AT49: =AQ49/SUM(AQ$47:AQ$51) -> 0.0094722598 | AW49: =IF(MAX(AT$47:AT$49)=AT49,IF(AT49>=0.7,1,IF(AT49>=0.6,2,IF(AT49>=0.5,3,IF(AT49>=0.4,4,5)))),0) -> 0 | AY49: =烈嶼鄉!B9 -> ③黃積軍 | BB49: =烈嶼鄉!D9 -> 2 | BC49: =烈嶼鄉!D9 -> 2 | BF49: =BC49/SUM(BC$47:BC$51) -> 0.008583691 | BI49: =IF(MAX(BF$47:BF$49)=BF49,IF(BF49>=0.7,1,IF(BF49>=0.6,2,IF(BF49>=0.5,3,IF(BF49>=0.4,4,5)))),0) -> 0
C50: =金寧鄉!B10 -> ④楊肅元 | G50: =金寧鄉!D10 -> 302 | J50: =G50/SUM(G$47:G$51) -> 0.38471338 | M50: =IF(MAX(J$47:J$49)=J50,IF(J50>=0.7,1,IF(J50>=0.6,2,IF(J50>=0.5,3,IF(J50>=0.4,4,5)))),0) -> 0 | O50: =金城鎮!B10 -> ④楊肅元 | R50: =金城鎮!D10 -> 351 | S50: =金城鎮!D10 -> 351 | V50: =S50/SUM(S$47:S$51) -> 0.20806165 | Y50: =IF(MAX(V$47:V$49)=V50,IF(V50>=0.7,1,IF(V50>=0.6,2,IF(V50>=0.5,3,IF(V50>=0.4,4,5)))),0) -> 0 | AA50: =金沙鎮!B10 -> ④楊肅元 | AD50: =金沙鎮!D10 -> 40 | AE50: =金沙鎮!D10 -> 40 | AH50: =AE50/SUM(AE$47:AE$51) -> 0.11267606 | AK50: =IF(MAX(AH$47:AH$49)=AH50,IF(AH50>=0.7,1,IF(AH50>=0.6,2,IF(AH50>=0.5,3,IF(AH50>=0.4,4,5)))),0) -> 0 | AM50: =金湖鎮!B10 -> ④楊肅元 | AP50: =金湖鎮!D10 -> 125 | AQ50: =金湖鎮!D10 -> 125 | AT50: =AQ50/SUM(AQ$47:AQ$51) -> 0.1691475 | AW50: =IF(MAX(AT$47:AT$49)=AT50,IF(AT50>=0.7,1,IF(AT50>=0.6,2,IF(AT50>=0.5,3,IF(AT50>=0.4,4,5)))),0) -> 0 | AY50: =烈嶼鄉!B10 -> ④楊肅元 | BB50: =烈嶼鄉!D10 -> 18 | BC50: =烈嶼鄉!D10 -> 18 | BF50: =BC50/SUM(BC$47:BC$51) -> 0.077253219 | BI50: =IF(MAX(BF$47:BF$49)=BF50,IF(BF50>=0.7,1,IF(BF50>=0.6,2,IF(BF50>=0.5,3,IF(BF50>=0.4,4,5)))),0) -> 0
C51: =金寧鄉!B11 -> ⑤翟美玉 | G51: =金寧鄉!D11 -> 140 | J51: =G51/SUM(G$47:G$51) -> 0.17834395 | M51: =IF(MAX(J$47:J$49)=J51,IF(J51>=0.7,1,IF(J51>=0.6,2,IF(J51>=0.5,3,IF(J51>=0.4,4,5)))),0) -> 0 | O51: =金城鎮!B11 -> ⑤翟美玉 | R51: =金城鎮!D11 -> 398 | S51: =金城鎮!D11 -> 398 | V51: =S51/SUM(S$47:S$51) -> 0.23592175 | Y51: =IF(MAX(V$47:V$49)=V51,IF(V51>=0.7,1,IF(V51>=0.6,2,IF(V51>=0.5,3,IF(V51>=0.4,4,5)))),0) -> 0 | AA51: =金沙鎮!B11 -> ⑤翟美玉 | AD51: =金沙鎮!D11 -> 82 | AE51: =金沙鎮!D11 -> 82 | AH51: =AE51/SUM(AE$47:AE$51) -> 0.23098592 | AK51: =IF(MAX(AH$47:AH$49)=AH51,IF(AH51>=0.7,1,IF(AH51>=0.6,2,IF(AH51>=0.5,3,IF(AH51>=0.4,4,5)))),0) -> 0 | AM51: =金湖鎮!B11 -> ⑤翟美玉 | AP51: =金湖鎮!D11 -> 202 | AQ51: =金湖鎮!D11 -> 202 | AT51: =AQ51/SUM(AQ$47:AQ$51) -> 0.27334235 | AW51: =IF(MAX(AT$47:AT$49)=AT51,IF(AT51>=0.7,1,IF(AT51>=0.6,2,IF(AT51>=0.5,3,IF(AT51>=0.4,4,5)))),0) -> 0 | AY51: =烈嶼鄉!B11 -> ⑤翟美玉 | BB51: =烈嶼鄉!D11 -> 71 | BC51: =烈嶼鄉!D11 -> 71 | BF51: =BC51/SUM(BC$47:BC$51) -> 0.30472103 | BI51: =IF(MAX(BF$47:BF$49)=BF51,IF(BF51>=0.7,1,IF(BF51>=0.6,2,IF(BF51>=0.5,3,IF(BF51>=0.4,4,5)))),0) -> 0
B52: 后盤村 | C52: =金寧鄉!B12 -> ①吳炎成 | G52: =金寧鄉!D12 -> 8 | J52: =G52/SUM(G$52:G$56) -> 0.031746032 | M52: =IF(MAX(J$52:J$54)=J52,IF(J52>=0.7,1,IF(J52>=0.6,2,IF(J52>=0.5,3,IF(J52>=0.4,4,5)))),0) -> 0 | N52: 南門里 | O52: =金城鎮!B12 -> ①吳炎成 | R52: =金城鎮!D12 -> 24 | S52: =金城鎮!D12 -> 24 | V52: =S52/SUM(S$52:S$56) -> 0.019093079 | Y52: =IF(MAX(V$52:V$54)=V52,IF(V52>=0.7,1,IF(V52>=0.6,2,IF(V52>=0.5,3,IF(V52>=0.4,4,5)))),0) -> 0 | Z52: 大洋里 | AA52: =金沙鎮!B12 -> ①吳炎成 | AD52: =金沙鎮!D12 -> 12 | AE52: =金沙鎮!D12 -> 12 | AH52: =AE52/SUM(AE$52:AE$56) -> 0.05106383 | AK52: =IF(MAX(AH$52:AH$54)=AH52,IF(AH52>=0.7,1,IF(AH52>=0.6,2,IF(AH52>=0.5,3,IF(AH52>=0.4,4,5)))),0) -> 0 | AL52: 正義里 | AM52: =金湖鎮!B12 -> ①吳炎成 | AP52: =金湖鎮!D12 -> 15 | AQ52: =金湖鎮!D12 -> 15 | AT52: =AQ52/SUM(AQ$52:AQ$56) -> 0.029069767 | AW52: =IF(MAX(AT$52:AT$54)=AT52,IF(AT52>=0.7,1,IF(AT52>=0.6,2,IF(AT52>=0.5,3,IF(AT52>=0.4,4,5)))),0) -> 0 | AX52: 西口村 | AY52: =烈嶼鄉!B12 -> ①吳炎成 | BB52: =烈嶼鄉!D12 -> 3 | BC52: =烈嶼鄉!D12 -> 3 | BF52: =BC52/SUM(BC$52:BC$56) -> 0.0088495575 | BI52: =IF(MAX(BF$52:BF$54)=BF52,IF(BF52>=0.7,1,IF(BF52>=0.6,2,IF(BF52>=0.5,3,IF(BF52>=0.4,4,5)))),0) -> 0
C53: =金寧鄉!B13 -> ②李炷烽 | G53: =金寧鄉!D13 -> 165 | J53: =G53/SUM(G$52:G$56) -> 0.6547619 | M53: =IF(MAX(J$52:J$54)=J53,IF(J53>=0.7,1,IF(J53>=0.6,2,IF(J53>=0.5,3,IF(J53>=0.4,4,5)))),0) -> 2 | O53: =金城鎮!B13 -> ②李炷烽 | R53: =金城鎮!D13 -> 695 | S53: =金城鎮!D13 -> 695 | V53: =S53/SUM(S$52:S$56) -> 0.55290374 | Y53: =IF(MAX(V$52:V$54)=V53,IF(V53>=0.7,1,IF(V53>=0.6,2,IF(V53>=0.5,3,IF(V53>=0.4,4,5)))),0) -> 3 | AA53: =金沙鎮!B13 -> ②李炷烽 | AD53: =金沙鎮!D13 -> 120 | AE53: =金沙鎮!D13 -> 120 | AH53: =AE53/SUM(AE$52:AE$56) -> 0.5106383 | AK53: =IF(MAX(AH$52:AH$54)=AH53,IF(AH53>=0.7,1,IF(AH53>=0.6,2,IF(AH53>=0.5,3,IF(AH53>=0.4,4,5)))),0) -> 3 | AM53: =金湖鎮!B13 -> ②李炷烽 | AP53: =金湖鎮!D13 -> 237 | AQ53: =金湖鎮!D13 -> 237 | AT53: =AQ53/SUM(AQ$52:AQ$56) -> 0.45930233 | AW53: =IF(MAX(AT$52:AT$54)=AT53,IF(AT53>=0.7,1,IF(AT53>=0.6,2,IF(AT53>=0.5,3,IF(AT53>=0.4,4,5)))),0) -> 4 | AY53: =烈嶼鄉!B13 -> ②李炷烽 | BB53: =烈嶼鄉!D13 -> 127 | BC53: =烈嶼鄉!D13 -> 127 | BF53: =BC53/SUM(BC$52:BC$56) -> 0.37463127 | BI53: =IF(MAX(BF$52:BF$54)=BF53,IF(BF53>=0.7,1,IF(BF53>=0.6,2,IF(BF53>=0.5,3,IF(BF53>=0.4,4,5)))),0) -> 5
C54: =金寧鄉!B14 -> ③黃積軍 | G54: =金寧鄉!D14 -> 0 | J54: =G54/SUM(G$52:G$56) -> 0 | M54: =IF(MAX(J$52:J$54)=J54,IF(J54>=0.7,1,IF(J54>=0.6,2,IF(J54>=0.5,3,IF(J54>=0.4,4,5)))),0) -> 0 | O54: =金城鎮!B14 -> ③黃積軍 | R54: =金城鎮!D14 -> 24 | S54: =金城鎮!D14 -> 24 | V54: =S54/SUM(S$52:S$56) -> 0.019093079 | Y54: =IF(MAX(V$52:V$54)=V54,IF(V54>=0.7,1,IF(V54>=0.6,2,IF(V54>=0.5,3,IF(V54>=0.4,4,5)))),0) -> 0 | AA54: =金沙鎮!B14 -> ③黃積軍 | AD54: =金沙鎮!D14 -> 2 | AE54: =金沙鎮!D14 -> 2 | AH54: =AE54/SUM(AE$52:AE$56) -> 0.0085106383 | AK54: =IF(MAX(AH$52:AH$54)=AH54,IF(AH54>=0.7,1,IF(AH54>=0.6,2,IF(AH54>=0.5,3,IF(AH54>=0.4,4,5)))),0) -> 0 | AM54: =金湖鎮!B14 -> ③黃積軍 | AP54: =金湖鎮!D14 -> 14 | AQ54: =金湖鎮!D14 -> 14 | AT54: =AQ54/SUM(AQ$52:AQ$56) -> 0.027131783 | AW54: =IF(MAX(AT$52:AT$54)=AT54,IF(AT54>=0.7,1,IF(AT54>=0.6,2,IF(AT54>=0.5,3,IF(AT54>=0.4,4,5)))),0) -> 0 | AY54: =烈嶼鄉!B14 -> ③黃積軍 | BB54: =烈嶼鄉!D14 -> 2 | BC54: =烈嶼鄉!D14 -> 2 | BF54: =BC54/SUM(BC$52:BC$56) -> 0.005899705 | BI54: =IF(MAX(BF$52:BF$54)=BF54,IF(BF54>=0.7,1,IF(BF54>=0.6,2,IF(BF54>=0.5,3,IF(BF54>=0.4,4,5)))),0) -> 0
C55: =金寧鄉!B15 -> ④楊肅元 | G55: =金寧鄉!D15 -> 28 | J55: =G55/SUM(G$52:G$56) -> 0.11111111 | M55: =IF(MAX(J$52:J$54)=J55,IF(J55>=0.7,1,IF(J55>=0.6,2,IF(J55>=0.5,3,IF(J55>=0.4,4,5)))),0) -> 0 | O55: =金城鎮!B15 -> ④楊肅元 | R55: =金城鎮!D15 -> 319 | S55: =金城鎮!D15 -> 319 | V55: =S55/SUM(S$52:S$56) -> 0.25377884 | Y55: =IF(MAX(V$52:V$54)=V55,IF(V55>=0.7,1,IF(V55>=0.6,2,IF(V55>=0.5,3,IF(V55>=0.4,4,5)))),0) -> 0 | AA55: =金沙鎮!B15 -> ④楊肅元 | AD55: =金沙鎮!D15 -> 26 | AE55: =金沙鎮!D15 -> 26 | AH55: =AE55/SUM(AE$52:AE$56) -> 0.1106383 | AK55: =IF(MAX(AH$52:AH$54)=AH55,IF(AH55>=0.7,1,IF(AH55>=0.6,2,IF(AH55>=0.5,3,IF(AH55>=0.4,4,5)))),0) -> 0 | AM55: =金湖鎮!B15 -> ④楊肅元 | AP55: =金湖鎮!D15 -> 89 | AQ55: =金湖鎮!D15 -> 89 | AT55: =AQ55/SUM(AQ$52:AQ$56) -> 0.17248062 | AW55: =IF(MAX(AT$52:AT$54)=AT55,IF(AT55>=0.7,1,IF(AT55>=0.6,2,IF(AT55>=0.5,3,IF(AT55>=0.4,4,5)))),0) -> 0 | AY55: =烈嶼鄉!B15 -> ④楊肅元 | BB55: =烈嶼鄉!D15 -> 34 | BC55: =烈嶼鄉!D15 -> 34 | BF55: =BC55/SUM(BC$52:BC$56) -> 0.10029499 | BI55: =IF(MAX(BF$52:BF$54)=BF55,IF(BF55>=0.7,1,IF(BF55>=0.6,2,IF(BF55>=0.5,3,IF(BF55>=0.4,4,5)))),0) -> 0
C56: =金寧鄉!B16 -> ⑤翟美玉 | G56: =金寧鄉!D16 -> 51 | J56: =G56/SUM(G$52:G$56) -> 0.20238095 | M56: =IF(MAX(J$52:J$54)=J56,IF(J56>=0.7,1,IF(J56>=0.6,2,IF(J56>=0.5,3,IF(J56>=0.4,4,5)))),0) -> 0 | O56: =金城鎮!B16 -> ⑤翟美玉 | R56: =金城鎮!D16 -> 195 | S56: =金城鎮!D16 -> 195 | V56: =S56/SUM(S$52:S$56) -> 0.15513126 | Y56: =IF(MAX(V$52:V$54)=V56,IF(V56>=0.7,1,IF(V56>=0.6,2,IF(V56>=0.5,3,IF(V56>=0.4,4,5)))),0) -> 0 | AA56: =金沙鎮!B16 -> ⑤翟美玉 | AD56: =金沙鎮!D16 -> 75 | AE56: =金沙鎮!D16 -> 75 | AH56: =AE56/SUM(AE$52:AE$56) -> 0.31914894 | AK56: =IF(MAX(AH$52:AH$54)=AH56,IF(AH56>=0.7,1,IF(AH56>=0.6,2,IF(AH56>=0.5,3,IF(AH56>=0.4,4,5)))),0) -> 0 | AM56: =金湖鎮!B16 -> ⑤翟美玉 | AP56: =金湖鎮!D16 -> 161 | AQ56: =金湖鎮!D16 -> 161 | AT56: =AQ56/SUM(AQ$52:AQ$56) -> 0.3120155 | AW56: =IF(MAX(AT$52:AT$54)=AT56,IF(AT56>=0.7,1,IF(AT56>=0.6,2,IF(AT56>=0.5,3,IF(AT56>=0.4,4,5)))),0) -> 0 | AY56: =烈嶼鄉!B16 -> ⑤翟美玉 | BB56: =烈嶼鄉!D16 -> 173 | BC56: =烈嶼鄉!D16 -> 173 | BF56: =BC56/SUM(BC$52:BC$56) -> 0.51032448 | BI56: =IF(MAX(BF$52:BF$54)=BF56,IF(BF56>=0.7,1,IF(BF56>=0.6,2,IF(BF56>=0.5,3,IF(BF56>=0.4,4,5)))),0) -> 0
B57: 湖埔村 | C57: =金寧鄉!B17 -> ①吳炎成 | G57: =金寧鄉!D17 -> 8 | J57: =G57/SUM(G$57:G$61) -> 0.013157895 | M57: =IF(MAX(J$57:J$59)=J57,IF(J57>=0.7,1,IF(J57>=0.6,2,IF(J57>=0.5,3,IF(J57>=0.4,4,5)))),0) -> 0 | N57: 北門里 | O57: =金城鎮!B17 -> ①吳炎成 | R57: =金城鎮!D17 -> 12 | S57: =金城鎮!D17 -> 12 | V57: =S57/SUM(S$57:S$61) -> 0.014302741 | Y57: =IF(MAX(V$57:V$59)=V57,IF(V57>=0.7,1,IF(V57>=0.6,2,IF(V57>=0.5,3,IF(V57>=0.4,4,5)))),0) -> 0 | Z57: 光前里 | AA57: =金沙鎮!B17 -> ①吳炎成 | AD57: =金沙鎮!D17 -> 8 | AE57: =金沙鎮!D17 -> 8 | AH57: =AE57/SUM(AE$57:AE$61) -> 0.020618557 | AK57: =IF(MAX(AH$57:AH$59)=AH57,IF(AH57>=0.7,1,IF(AH57>=0.6,2,IF(AH57>=0.5,3,IF(AH57>=0.4,4,5)))),0) -> 0 | AL57: 料羅里 | AM57: =金湖鎮!B17 -> ①吳炎成 | AP57: =金湖鎮!D17 -> 10 | AQ57: =金湖鎮!D17 -> 10 | AT57: =AQ57/SUM(AQ$57:AQ$61) -> 0.03164557 | AW57: =IF(MAX(AT$57:AT$59)=AT57,IF(AT57>=0.7,1,IF(AT57>=0.6,2,IF(AT57>=0.5,3,IF(AT57>=0.4,4,5)))),0) -> 0 | AX57: 林湖村 | AY57: =烈嶼鄉!B17 -> ①吳炎成 | BB57: =烈嶼鄉!D17 -> 8 | BC57: =烈嶼鄉!D17 -> 8 | BF57: =BC57/SUM(BC$57:BC$61) -> 0.012820513 | BI57: =IF(MAX(BF$57:BF$59)=BF57,IF(BF57>=0.7,1,IF(BF57>=0.6,2,IF(BF57>=0.5,3,IF(BF57>=0.4,4,5)))),0) -> 0
C58: =金寧鄉!B18 -> ②李炷烽 | G58: =金寧鄉!D18 -> 168 | J58: =G58/SUM(G$57:G$61) -> 0.27631579 | M58: =IF(MAX(J$57:J$59)=J58,IF(J58>=0.7,1,IF(J58>=0.6,2,IF(J58>=0.5,3,IF(J58>=0.4,4,5)))),0) -> 5 | O58: =金城鎮!B18 -> ②李炷烽 | R58: =金城鎮!D18 -> 463 | S58: =金城鎮!D18 -> 463 | V58: =S58/SUM(S$57:S$61) -> 0.55184744 | Y58: =IF(MAX(V$57:V$59)=V58,IF(V58>=0.7,1,IF(V58>=0.6,2,IF(V58>=0.5,3,IF(V58>=0.4,4,5)))),0) -> 3 | AA58: =金沙鎮!B18 -> ②李炷烽 | AD58: =金沙鎮!D18 -> 199 | AE58: =金沙鎮!D18 -> 199 | AH58: =AE58/SUM(AE$57:AE$61) -> 0.5128866 | AK58: =IF(MAX(AH$57:AH$59)=AH58,IF(AH58>=0.7,1,IF(AH58>=0.6,2,IF(AH58>=0.5,3,IF(AH58>=0.4,4,5)))),0) -> 3 | AM58: =金湖鎮!B18 -> ②李炷烽 | AP58: =金湖鎮!D18 -> 193 | AQ58: =金湖鎮!D18 -> 193 | AT58: =AQ58/SUM(AQ$57:AQ$61) -> 0.61075949 | AW58: =IF(MAX(AT$57:AT$59)=AT58,IF(AT58>=0.7,1,IF(AT58>=0.6,2,IF(AT58>=0.5,3,IF(AT58>=0.4,4,5)))),0) -> 2 | AY58: =烈嶼鄉!B18 -> ②李炷烽 | BB58: =烈嶼鄉!D18 -> 344 | BC58: =烈嶼鄉!D18 -> 344 | BF58: =BC58/SUM(BC$57:BC$61) -> 0.55128205 | BI58: =IF(MAX(BF$57:BF$59)=BF58,IF(BF58>=0.7,1,IF(BF58>=0.6,2,IF(BF58>=0.5,3,IF(BF58>=0.4,4,5)))),0) -> 3
C59: =金寧鄉!B19 -> ③黃積軍 | G59: =金寧鄉!D19 -> 2 | J59: =G59/SUM(G$57:G$61) -> 0.0032894737 | M59: =IF(MAX(J$57:J$59)=J59,IF(J59>=0.7,1,IF(J59>=0.6,2,IF(J59>=0.5,3,IF(J59>=0.4,4,5)))),0) -> 0 | O59: =金城鎮!B19 -> ③黃積軍 | R59: =金城鎮!D19 -> 15 | S59: =金城鎮!D19 -> 15 | V59: =S59/SUM(S$57:S$61) -> 0.017878427 | Y59: =IF(MAX(V$57:V$59)=V59,IF(V59>=0.7,1,IF(V59>=0.6,2,IF(V59>=0.5,3,IF(V59>=0.4,4,5)))),0) -> 0 | AA59: =金沙鎮!B19 -> ③黃積軍 | AD59: =金沙鎮!D19 -> 13 | AE59: =金沙鎮!D19 -> 13 | AH59: =AE59/SUM(AE$57:AE$61) -> 0.033505155 | AK59: =IF(MAX(AH$57:AH$59)=AH59,IF(AH59>=0.7,1,IF(AH59>=0.6,2,IF(AH59>=0.5,3,IF(AH59>=0.4,4,5)))),0) -> 0 | AM59: =金湖鎮!B19 -> ③黃積軍 | AP59: =金湖鎮!D19 -> 6 | AQ59: =金湖鎮!D19 -> 6 | AT59: =AQ59/SUM(AQ$57:AQ$61) -> 0.018987342 | AW59: =IF(MAX(AT$57:AT$59)=AT59,IF(AT59>=0.7,1,IF(AT59>=0.6,2,IF(AT59>=0.5,3,IF(AT59>=0.4,4,5)))),0) -> 0 | AY59: =烈嶼鄉!B19 -> ③黃積軍 | BB59: =烈嶼鄉!D19 -> 5 | BC59: =烈嶼鄉!D19 -> 5 | BF59: =BC59/SUM(BC$57:BC$61) -> 0.0080128205 | BI59: =IF(MAX(BF$57:BF$59)=BF59,IF(BF59>=0.7,1,IF(BF59>=0.6,2,IF(BF59>=0.5,3,IF(BF59>=0.4,4,5)))),0) -> 0
C60: =金寧鄉!B20 -> ④楊肅元 | G60: =金寧鄉!D20 -> 322 | J60: =G60/SUM(G$57:G$61) -> 0.52960526 | M60: =IF(MAX(J$57:J$59)=J60,IF(J60>=0.7,1,IF(J60>=0.6,2,IF(J60>=0.5,3,IF(J60>=0.4,4,5)))),0) -> 0 | O60: =金城鎮!B20 -> ④楊肅元 | R60: =金城鎮!D20 -> 173 | S60: =金城鎮!D20 -> 173 | V60: =S60/SUM(S$57:S$61) -> 0.20619785 | Y60: =IF(MAX(V$57:V$59)=V60,IF(V60>=0.7,1,IF(V60>=0.6,2,IF(V60>=0.5,3,IF(V60>=0.4,4,5)))),0) -> 0 | AA60: =金沙鎮!B20 -> ④楊肅元 | AD60: =金沙鎮!D20 -> 43 | AE60: =金沙鎮!D20 -> 43 | AH60: =AE60/SUM(AE$57:AE$61) -> 0.11082474 | AK60: =IF(MAX(AH$57:AH$59)=AH60,IF(AH60>=0.7,1,IF(AH60>=0.6,2,IF(AH60>=0.5,3,IF(AH60>=0.4,4,5)))),0) -> 0 | AM60: =金湖鎮!B20 -> ④楊肅元 | AP60: =金湖鎮!D20 -> 45 | AQ60: =金湖鎮!D20 -> 45 | AT60: =AQ60/SUM(AQ$57:AQ$61) -> 0.14240506 | AW60: =IF(MAX(AT$57:AT$59)=AT60,IF(AT60>=0.7,1,IF(AT60>=0.6,2,IF(AT60>=0.5,3,IF(AT60>=0.4,4,5)))),0) -> 0 | AY60: =烈嶼鄉!B20 -> ④楊肅元 | BB60: =烈嶼鄉!D20 -> 96 | BC60: =烈嶼鄉!D20 -> 96 | BF60: =BC60/SUM(BC$57:BC$61) -> 0.15384615 | BI60: =IF(MAX(BF$57:BF$59)=BF60,IF(BF60>=0.7,1,IF(BF60>=0.6,2,IF(BF60>=0.5,3,IF(BF60>=0.4,4,5)))),0) -> 0
C61: =金寧鄉!B21 -> ⑤翟美玉 | G61: =金寧鄉!D21 -> 108 | J61: =G61/SUM(G$57:G$61) -> 0.17763158 | M61: =IF(MAX(J$57:J$59)=J61,IF(J61>=0.7,1,IF(J61>=0.6,2,IF(J61>=0.5,3,IF(J61>=0.4,4,5)))),0) -> 0 | O61: =金城鎮!B21 -> ⑤翟美玉 | R61: =金城鎮!D21 -> 176 | S61: =金城鎮!D21 -> 176 | V61: =S61/SUM(S$57:S$61) -> 0.20977354 | Y61: =IF(MAX(V$57:V$59)=V61,IF(V61>=0.7,1,IF(V61>=0.6,2,IF(V61>=0.5,3,IF(V61>=0.4,4,5)))),0) -> 0 | AA61: =金沙鎮!B21 -> ⑤翟美玉 | AD61: =金沙鎮!D21 -> 125 | AE61: =金沙鎮!D21 -> 125 | AH61: =AE61/SUM(AE$57:AE$61) -> 0.32216495 | AK61: =IF(MAX(AH$57:AH$59)=AH61,IF(AH61>=0.7,1,IF(AH61>=0.6,2,IF(AH61>=0.5,3,IF(AH61>=0.4,4,5)))),0) -> 0 | AM61: =金湖鎮!B21 -> ⑤翟美玉 | AP61: =金湖鎮!D21 -> 62 | AQ61: =金湖鎮!D21 -> 62 | AT61: =AQ61/SUM(AQ$57:AQ$61) -> 0.19620253 | AW61: =IF(MAX(AT$57:AT$59)=AT61,IF(AT61>=0.7,1,IF(AT61>=0.6,2,IF(AT61>=0.5,3,IF(AT61>=0.4,4,5)))),0) -> 0 | AY61: =烈嶼鄉!B21 -> ⑤翟美玉 | BB61: =烈嶼鄉!D21 -> 171 | BC61: =烈嶼鄉!D21 -> 171 | BF61: =BC61/SUM(BC$57:BC$61) -> 0.27403846 | BI61: =IF(MAX(BF$57:BF$59)=BF61,IF(BF61>=0.7,1,IF(BF61>=0.6,2,IF(BF61>=0.5,3,IF(BF61>=0.4,4,5)))),0) -> 0
B62: 榜林村 | C62: =金寧鄉!B22 -> ①吳炎成 | G62: =金寧鄉!D22 -> 11 | J62: =G62/SUM(G$62:G$66) -> 0.015714286 | M62: =IF(MAX(J$62:J$64)=J62,IF(J62>=0.7,1,IF(J62>=0.6,2,IF(J62>=0.5,3,IF(J62>=0.4,4,5)))),0) -> 0 | N62: 古城里 | O62: =金城鎮!B22 -> ①吳炎成 | R62: =金城鎮!D22 -> 10 | S62: =金城鎮!D22 -> 10 | V62: =S62/SUM(S$62:S$66) -> 0.014858841 | Y62: =IF(MAX(V$62:V$64)=V62,IF(V62>=0.7,1,IF(V62>=0.6,2,IF(V62>=0.5,3,IF(V62>=0.4,4,5)))),0) -> 0 | Z62: 何斗里 | AA62: =金沙鎮!B22 -> ①吳炎成 | AD62: =金沙鎮!D22 -> 14 | AE62: =金沙鎮!D22 -> 14 | AH62: =AE62/SUM(AE$62:AE$66) -> 0.03255814 | AK62: =IF(MAX(AH$62:AH$64)=AH62,IF(AH62>=0.7,1,IF(AH62>=0.6,2,IF(AH62>=0.5,3,IF(AH62>=0.4,4,5)))),0) -> 0 | AL62: 瓊林里 | AM62: =金湖鎮!B22 -> ①吳炎成 | AP62: =金湖鎮!D22 -> 19 | AQ62: =金湖鎮!D22 -> 19 | AT62: =AQ62/SUM(AQ$62:AQ$66) -> 0.028963415 | AW62: =IF(MAX(AT$62:AT$64)=AT62,IF(AT62>=0.7,1,IF(AT62>=0.6,2,IF(AT62>=0.5,3,IF(AT62>=0.4,4,5)))),0) -> 0 | AX62: 黃埔村 | AY62: =烈嶼鄉!B22 -> ①吳炎成 | BB62: =烈嶼鄉!D22 -> 6 | BC62: =烈嶼鄉!D22 -> 6 | BF62: =BC62/SUM(BC$62:BC$66) -> 0.023622047 | BI62: =IF(MAX(BF$62:BF$64)=BF62,IF(BF62>=0.7,1,IF(BF62>=0.6,2,IF(BF62>=0.5,3,IF(BF62>=0.4,4,5)))),0) -> 0
C63: =金寧鄉!B23 -> ②李炷烽 | G63: =金寧鄉!D23 -> 370 | J63: =G63/SUM(G$62:G$66) -> 0.52857143 | M63: =IF(MAX(J$62:J$64)=J63,IF(J63>=0.7,1,IF(J63>=0.6,2,IF(J63>=0.5,3,IF(J63>=0.4,4,5)))),0) -> 3 | O63: =金城鎮!B23 -> ②李炷烽 | R63: =金城鎮!D23 -> 251 | S63: =金城鎮!D23 -> 251 | V63: =S63/SUM(S$62:S$66) -> 0.37295691 | Y63: =IF(MAX(V$62:V$64)=V63,IF(V63>=0.7,1,IF(V63>=0.6,2,IF(V63>=0.5,3,IF(V63>=0.4,4,5)))),0) -> 5 | AA63: =金沙鎮!B23 -> ②李炷烽 | AD63: =金沙鎮!D23 -> 166 | AE63: =金沙鎮!D23 -> 166 | AH63: =AE63/SUM(AE$62:AE$66) -> 0.38604651 | AK63: =IF(MAX(AH$62:AH$64)=AH63,IF(AH63>=0.7,1,IF(AH63>=0.6,2,IF(AH63>=0.5,3,IF(AH63>=0.4,4,5)))),0) -> 5 | AM63: =金湖鎮!B23 -> ②李炷烽 | AP63: =金湖鎮!D23 -> 321 | AQ63: =金湖鎮!D23 -> 321 | AT63: =AQ63/SUM(AQ$62:AQ$66) -> 0.48932927 | AW63: =IF(MAX(AT$62:AT$64)=AT63,IF(AT63>=0.7,1,IF(AT63>=0.6,2,IF(AT63>=0.5,3,IF(AT63>=0.4,4,5)))),0) -> 4 | AY63: =烈嶼鄉!B23 -> ②李炷烽 | BB63: =烈嶼鄉!D23 -> 113 | BC63: =烈嶼鄉!D23 -> 113 | BF63: =BC63/SUM(BC$62:BC$66) -> 0.44488189 | BI63: =IF(MAX(BF$62:BF$64)=BF63,IF(BF63>=0.7,1,IF(BF63>=0.6,2,IF(BF63>=0.5,3,IF(BF63>=0.4,4,5)))),0) -> 4
C64: =金寧鄉!B24 -> ③黃積軍 | G64: =金寧鄉!D24 -> 5 | J64: =G64/SUM(G$62:G$66) -> 0.0071428571 | M64: =IF(MAX(J$62:J$64)=J64,IF(J64>=0.7,1,IF(J64>=0.6,2,IF(J64>=0.5,3,IF(J64>=0.4,4,5)))),0) -> 0 | O64: =金城鎮!B24 -> ③黃積軍 | R64: =金城鎮!D24 -> 6 | S64: =金城鎮!D24 -> 6 | V64: =S64/SUM(S$62:S$66) -> 0.0089153046 | Y64: =IF(MAX(V$62:V$64)=V64,IF(V64>=0.7,1,IF(V64>=0.6,2,IF(V64>=0.5,3,IF(V64>=0.4,4,5)))),0) -> 0 | AA64: =金沙鎮!B24 -> ③黃積軍 | AD64: =金沙鎮!D24 -> 6 | AE64: =金沙鎮!D24 -> 6 | AH64: =AE64/SUM(AE$62:AE$66) -> 0.013953488 | AK64: =IF(MAX(AH$62:AH$64)=AH64,IF(AH64>=0.7,1,IF(AH64>=0.6,2,IF(AH64>=0.5,3,IF(AH64>=0.4,4,5)))),0) -> 0 | AM64: =金湖鎮!B24 -> ③黃積軍 | AP64: =金湖鎮!D24 -> 8 | AQ64: =金湖鎮!D24 -> 8 | AT64: =AQ64/SUM(AQ$62:AQ$66) -> 0.012195122 | AW64: =IF(MAX(AT$62:AT$64)=AT64,IF(AT64>=0.7,1,IF(AT64>=0.6,2,IF(AT64>=0.5,3,IF(AT64>=0.4,4,5)))),0) -> 0 | AY64: =烈嶼鄉!B24 -> ③黃積軍 | BB64: =烈嶼鄉!D24 -> 6 | BC64: =烈嶼鄉!D24 -> 6 | BF64: =BC64/SUM(BC$62:BC$66) -> 0.023622047 | BI64: =IF(MAX(BF$62:BF$64)=BF64,IF(BF64>=0.7,1,IF(BF64>=0.6,2,IF(BF64>=0.5,3,IF(BF64>=0.4,4,5)))),0) -> 0
C65: =金寧鄉!B25 -> ④楊肅元 | G65: =金寧鄉!D25 -> 138 | J65: =G65/SUM(G$62:G$66) -> 0.19714286 | M65: =IF(MAX(J$62:J$64)=J65,IF(J65>=0.7,1,IF(J65>=0.6,2,IF(J65>=0.5,3,IF(J65>=0.4,4,5)))),0) -> 0 | O65: =金城鎮!B25 -> ④楊肅元 | R65: =金城鎮!D25 -> 227 | S65: =金城鎮!D25 -> 227 | V65: =S65/SUM(S$62:S$66) -> 0.33729569 | Y65: =IF(MAX(V$62:V$64)=V65,IF(V65>=0.7,1,IF(V65>=0.6,2,IF(V65>=0.5,3,IF(V65>=0.4,4,5)))),0) -> 0 | AA65: =金沙鎮!B25 -> ④楊肅元 | AD65: =金沙鎮!D25 -> 70 | AE65: =金沙鎮!D25 -> 70 | AH65: =AE65/SUM(AE$62:AE$66) -> 0.1627907 | AK65: =IF(MAX(AH$62:AH$64)=AH65,IF(AH65>=0.7,1,IF(AH65>=0.6,2,IF(AH65>=0.5,3,IF(AH65>=0.4,4,5)))),0) -> 0 | AM65: =金湖鎮!B25 -> ④楊肅元 | AP65: =金湖鎮!D25 -> 167 | AQ65: =金湖鎮!D25 -> 167 | AT65: =AQ65/SUM(AQ$62:AQ$66) -> 0.25457317 | AW65: =IF(MAX(AT$62:AT$64)=AT65,IF(AT65>=0.7,1,IF(AT65>=0.6,2,IF(AT65>=0.5,3,IF(AT65>=0.4,4,5)))),0) -> 0 | AY65: =烈嶼鄉!B25 -> ④楊肅元 | BB65: =烈嶼鄉!D25 -> 38 | BC65: =烈嶼鄉!D25 -> 38 | BF65: =BC65/SUM(BC$62:BC$66) -> 0.1496063 | BI65: =IF(MAX(BF$62:BF$64)=BF65,IF(BF65>=0.7,1,IF(BF65>=0.6,2,IF(BF65>=0.5,3,IF(BF65>=0.4,4,5)))),0) -> 0
C66: =金寧鄉!B26 -> ⑤翟美玉 | G66: =金寧鄉!D26 -> 176 | J66: =G66/SUM(G$62:G$66) -> 0.25142857 | M66: =IF(MAX(J$62:J$64)=J66,IF(J66>=0.7,1,IF(J66>=0.6,2,IF(J66>=0.5,3,IF(J66>=0.4,4,5)))),0) -> 0 | O66: =金城鎮!B26 -> ⑤翟美玉 | R66: =金城鎮!D26 -> 179 | S66: =金城鎮!D26 -> 179 | V66: =S66/SUM(S$62:S$66) -> 0.26597325 | Y66: =IF(MAX(V$62:V$64)=V66,IF(V66>=0.7,1,IF(V66>=0.6,2,IF(V66>=0.5,3,IF(V66>=0.4,4,5)))),0) -> 0 | AA66: =金沙鎮!B26 -> ⑤翟美玉 | AD66: =金沙鎮!D26 -> 174 | AE66: =金沙鎮!D26 -> 174 | AH66: =AE66/SUM(AE$62:AE$66) -> 0.40465116 | AK66: =IF(MAX(AH$62:AH$64)=AH66,IF(AH66>=0.7,1,IF(AH66>=0.6,2,IF(AH66>=0.5,3,IF(AH66>=0.4,4,5)))),0) -> 0 | AM66: =金湖鎮!B26 -> ⑤翟美玉 | AP66: =金湖鎮!D26 -> 141 | AQ66: =金湖鎮!D26 -> 141 | AT66: =AQ66/SUM(AQ$62:AQ$66) -> 0.21493902 | AW66: =IF(MAX(AT$62:AT$64)=AT66,IF(AT66>=0.7,1,IF(AT66>=0.6,2,IF(AT66>=0.5,3,IF(AT66>=0.4,4,5)))),0) -> 0 | AY66: =烈嶼鄉!B26 -> ⑤翟美玉 | BB66: =烈嶼鄉!D26 -> 91 | BC66: =烈嶼鄉!D26 -> 91 | BF66: =BC66/SUM(BC$62:BC$66) -> 0.35826772 | BI66: =IF(MAX(BF$62:BF$64)=BF66,IF(BF66>=0.7,1,IF(BF66>=0.6,2,IF(BF66>=0.5,3,IF(BF66>=0.4,4,5)))),0) -> 0
B67: 盤山村 | C67: =金寧鄉!B27 -> ①吳炎成 | G67: =金寧鄉!D27 -> 8 | J67: =G67/SUM(G$67:G$71) -> 0.013816926 | M67: =IF(MAX(J$67:J$69)=J67,IF(J67>=0.7,1,IF(J67>=0.6,2,IF(J67>=0.5,3,IF(J67>=0.4,4,5)))),0) -> 0 | N67: 金水里 | O67: =金城鎮!B27 -> ①吳炎成 | R67: =金城鎮!D27 -> 3 | S67: =金城鎮!D27 -> 3 | V67: =S67/SUM(S$67:S$71) -> 0.0078534031 | Y67: =IF(MAX(V$67:V$69)=V67,IF(V67>=0.7,1,IF(V67>=0.6,2,IF(V67>=0.5,3,IF(V67>=0.4,4,5)))),0) -> 0 | Z67: 西園里 | AA67: =金沙鎮!B27 -> ①吳炎成 | AD67: =金沙鎮!D27 -> 8 | AE67: =金沙鎮!D27 -> 8 | AH67: =AE67/SUM(AE$67:AE$71) -> 0.027777778 | AK67: =IF(MAX(AH$67:AH$69)=AH67,IF(AH67>=0.7,1,IF(AH67>=0.6,2,IF(AH67>=0.5,3,IF(AH67>=0.4,4,5)))),0) -> 0 | AL67: 新湖里 | AM67: =金湖鎮!B27 -> ①吳炎成 | AP67: =金湖鎮!D27 -> 25 | AQ67: =金湖鎮!D27 -> 25 | AT67: =AQ67/SUM(AQ$67:AQ$71) -> 0.035511364 | AW67: =IF(MAX(AT$67:AT$69)=AT67,IF(AT67>=0.7,1,IF(AT67>=0.6,2,IF(AT67>=0.5,3,IF(AT67>=0.4,4,5)))),0) -> 0
C68: =金寧鄉!B28 -> ②李炷烽 | G68: =金寧鄉!D28 -> 313 | J68: =G68/SUM(G$67:G$71) -> 0.54058722 | M68: =IF(MAX(J$67:J$69)=J68,IF(J68>=0.7,1,IF(J68>=0.6,2,IF(J68>=0.5,3,IF(J68>=0.4,4,5)))),0) -> 3 | O68: =金城鎮!B28 -> ②李炷烽 | R68: =金城鎮!D28 -> 166 | S68: =金城鎮!D28 -> 166 | V68: =S68/SUM(S$67:S$71) -> 0.43455497 | Y68: =IF(MAX(V$67:V$69)=V68,IF(V68>=0.7,1,IF(V68>=0.6,2,IF(V68>=0.5,3,IF(V68>=0.4,4,5)))),0) -> 4 | AA68: =金沙鎮!B28 -> ②李炷烽 | AD68: =金沙鎮!D28 -> 136 | AE68: =金沙鎮!D28 -> 136 | AH68: =AE68/SUM(AE$67:AE$71) -> 0.47222222 | AK68: =IF(MAX(AH$67:AH$69)=AH68,IF(AH68>=0.7,1,IF(AH68>=0.6,2,IF(AH68>=0.5,3,IF(AH68>=0.4,4,5)))),0) -> 4 | AM68: =金湖鎮!B28 -> ②李炷烽 | AP68: =金湖鎮!D28 -> 348 | AQ68: =金湖鎮!D28 -> 348 | AT68: =AQ68/SUM(AQ$67:AQ$71) -> 0.49431818 | AW68: =IF(MAX(AT$67:AT$69)=AT68,IF(AT68>=0.7,1,IF(AT68>=0.6,2,IF(AT68>=0.5,3,IF(AT68>=0.4,4,5)))),0) -> 4 | AX68: 烏坵鄉
C69: =金寧鄉!B29 -> ③黃積軍 | G69: =金寧鄉!D29 -> 1 | J69: =G69/SUM(G$67:G$71) -> 0.0017271157 | M69: =IF(MAX(J$67:J$69)=J69,IF(J69>=0.7,1,IF(J69>=0.6,2,IF(J69>=0.5,3,IF(J69>=0.4,4,5)))),0) -> 0 | O69: =金城鎮!B29 -> ③黃積軍 | R69: =金城鎮!D29 -> 33 | S69: =金城鎮!D29 -> 33 | V69: =S69/SUM(S$67:S$71) -> 0.086387435 | Y69: =IF(MAX(V$67:V$69)=V69,IF(V69>=0.7,1,IF(V69>=0.6,2,IF(V69>=0.5,3,IF(V69>=0.4,4,5)))),0) -> 0 | AA69: =金沙鎮!B29 -> ③黃積軍 | AD69: =金沙鎮!D29 -> 9 | AE69: =金沙鎮!D29 -> 9 | AH69: =AE69/SUM(AE$67:AE$71) -> 0.03125 | AK69: =IF(MAX(AH$67:AH$69)=AH69,IF(AH69>=0.7,1,IF(AH69>=0.6,2,IF(AH69>=0.5,3,IF(AH69>=0.4,4,5)))),0) -> 0 | AM69: =金湖鎮!B29 -> ③黃積軍 | AP69: =金湖鎮!D29 -> 16 | AQ69: =金湖鎮!D29 -> 16 | AT69: =AQ69/SUM(AQ$67:AQ$71) -> 0.022727273 | AW69: =IF(MAX(AT$67:AT$69)=AT69,IF(AT69>=0.7,1,IF(AT69>=0.6,2,IF(AT69>=0.5,3,IF(AT69>=0.4,4,5)))),0) -> 0 | AX69: 大坵村 | AY69: =烏坵鄉!B2 -> ①吳炎成 | BB69: =烏坵鄉!D2 -> 0 | BC69: =烏坵鄉!D2 -> 0 | BF69: =BC69/SUM(BC$69:BC$73) -> 0 | BI69: =IF(MAX(BF$69:BF$71)=BF69,IF(BF69>=0.7,1,IF(BF69>=0.6,2,IF(BF69>=0.5,3,IF(BF69>=0.4,4,5)))),0) -> 0
C70: =金寧鄉!B30 -> ④楊肅元 | G70: =金寧鄉!D30 -> 113 | J70: =G70/SUM(G$67:G$71) -> 0.19516408 | O70: =金城鎮!B30 -> ④楊肅元 | R70: =金城鎮!D30 -> 88 | S70: =金城鎮!D30 -> 88 | V70: =S70/SUM(S$67:S$71) -> 0.23036649 | AA70: =金沙鎮!B30 -> ④楊肅元 | AD70: =金沙鎮!D30 -> 53 | AE70: =金沙鎮!D30 -> 53 | AH70: =AE70/SUM(AE$67:AE$71) -> 0.18402778 | AM70: =金湖鎮!B30 -> ④楊肅元 | AP70: =金湖鎮!D30 -> 104 | AQ70: =金湖鎮!D30 -> 104 | AT70: =AQ70/SUM(AQ$67:AQ$71) -> 0.14772727 | AW70: =IF(MAX(AT$72:AT$74)=AT72,IF(AT72>=0.7,1,IF(AT72>=0.6,2,IF(AT72>=0.5,3,IF(AT72>=0.4,4,5)))),0) -> 0 | AY70: =烏坵鄉!B3 -> ②李炷烽 | BB70: =烏坵鄉!D3 -> 1 | BC70: =烏坵鄉!D3 -> 1 | BF70: =BC70/SUM(BC$69:BC$73) -> 0.076923077 | BI70: =IF(MAX(BF$69:BF$71)=BF70,IF(BF70>=0.7,1,IF(BF70>=0.6,2,IF(BF70>=0.5,3,IF(BF70>=0.4,4,5)))),0) -> 5
C71: =金寧鄉!B31 -> ⑤翟美玉 | G71: =金寧鄉!D31 -> 144 | J71: =G71/SUM(G$67:G$71) -> 0.24870466 | O71: =金城鎮!B31 -> ⑤翟美玉 | R71: =金城鎮!D31 -> 92 | S71: =金城鎮!D31 -> 92 | V71: =S71/SUM(S$67:S$71) -> 0.2408377 | AA71: =金沙鎮!B31 -> ⑤翟美玉 | AD71: =金沙鎮!D31 -> 82 | AE71: =金沙鎮!D31 -> 82 | AH71: =AE71/SUM(AE$67:AE$71) -> 0.28472222 | AM71: =金湖鎮!B31 -> ⑤翟美玉 | AP71: =金湖鎮!D31 -> 211 | AQ71: =金湖鎮!D31 -> 211 | AT71: =AQ71/SUM(AQ$67:AQ$71) -> 0.29971591 | AW71: =IF(MAX(AT$72:AT$74)=AT73,IF(AT73>=0.7,1,IF(AT73>=0.6,2,IF(AT73>=0.5,3,IF(AT73>=0.4,4,5)))),0) -> 4 | AY71: =烏坵鄉!B4 -> ③黃積軍 | BB71: =烏坵鄉!D4 -> 0 | BC71: =烏坵鄉!D4 -> 0 | BF71: =BC71/SUM(BC$69:BC$73) -> 0 | BI71: =IF(MAX(BF$69:BF$71)=BF71,IF(BF71>=0.7,1,IF(BF71>=0.6,2,IF(BF71>=0.5,3,IF(BF71>=0.4,4,5)))),0) -> 0
N72: 珠沙里 | O72: =金城鎮!B32 -> ①吳炎成 | R72: =金城鎮!D32 -> 3 | S72: =金城鎮!D32 -> 3 | V72: =S72/SUM(S$72:S$76) -> 0.0096774194 | Y72: =IF(MAX(V$72:V$74)=V72,IF(V72>=0.7,1,IF(V72>=0.6,2,IF(V72>=0.5,3,IF(V72>=0.4,4,5)))),0) -> 0 | Z72: 官嶼里 | AA72: =金沙鎮!B32 -> ①吳炎成 | AD72: =金沙鎮!D32 -> 1 | AE72: =金沙鎮!D32 -> 1 | AH72: =AE72/SUM(AE$72:AE$76) -> 0.0030120482 | AK72: =IF(MAX(AH$72:AH$74)=AH72,IF(AH72>=0.7,1,IF(AH72>=0.6,2,IF(AH72>=0.5,3,IF(AH72>=0.4,4,5)))),0) -> 0 | AL72: 溪湖里 | AM72: =金湖鎮!B32 -> ①吳炎成 | AP72: =金湖鎮!D32 -> 15 | AQ72: =金湖鎮!D32 -> 15 | AT72: =AQ72/SUM(AQ$72:AQ$76) -> 0.046296296 | AW72: =IF(MAX(AT$72:AT$74)=AT74,IF(AT74>=0.7,1,IF(AT74>=0.6,2,IF(AT74>=0.5,3,IF(AT74>=0.4,4,5)))),0) -> 0 | AY72: =烏坵鄉!B5 -> ④楊肅元 | BB72: =烏坵鄉!D5 -> 3 | BC72: =烏坵鄉!D5 -> 3 | BF72: =BC72/SUM(BC$69:BC$73) -> 0.23076923 | BI72: =IF(MAX(BF$72:BF$74)=BF72,IF(BF72>=0.7,1,IF(BF72>=0.6,2,IF(BF72>=0.5,3,IF(BF72>=0.4,4,5)))),0) -> 0
O73: =金城鎮!B33 -> ②李炷烽 | R73: =金城鎮!D33 -> 156 | S73: =金城鎮!D33 -> 156 | V73: =S73/SUM(S$72:S$76) -> 0.50322581 | Y73: =IF(MAX(V$72:V$74)=V73,IF(V73>=0.7,1,IF(V73>=0.6,2,IF(V73>=0.5,3,IF(V73>=0.4,4,5)))),0) -> 3 | AA73: =金沙鎮!B33 -> ②李炷烽 | AD73: =金沙鎮!D33 -> 73 | AE73: =金沙鎮!D33 -> 73 | AH73: =AE73/SUM(AE$72:AE$76) -> 0.21987952 | AK73: =IF(MAX(AH$72:AH$74)=AH73,IF(AH73>=0.7,1,IF(AH73>=0.6,2,IF(AH73>=0.5,3,IF(AH73>=0.4,4,5)))),0) -> 5 | AM73: =金湖鎮!B33 -> ②李炷烽 | AP73: =金湖鎮!D33 -> 157 | AQ73: =金湖鎮!D33 -> 157 | AT73: =AQ73/SUM(AQ$72:AQ$76) -> 0.4845679 | AW73: =IF(MAX(AT$77:AT$79)=AT77,IF(AT77>=0.7,1,IF(AT77>=0.6,2,IF(AT77>=0.5,3,IF(AT77>=0.4,4,5)))),0) -> 0 | AY73: =烏坵鄉!B6 -> ⑤翟美玉 | BB73: =烏坵鄉!D6 -> 9 | BC73: =烏坵鄉!D6 -> 9 | BF73: =BC73/SUM(BC$69:BC$73) -> 0.69230769 | BI73: =IF(MAX(BF$72:BF$74)=BF73,IF(BF73>=0.7,1,IF(BF73>=0.6,2,IF(BF73>=0.5,3,IF(BF73>=0.4,4,5)))),0) -> 2
O74: =金城鎮!B34 -> ③黃積軍 | R74: =金城鎮!D34 -> 2 | S74: =金城鎮!D34 -> 2 | V74: =S74/SUM(S$72:S$76) -> 0.0064516129 | Y74: =IF(MAX(V$72:V$74)=V74,IF(V74>=0.7,1,IF(V74>=0.6,2,IF(V74>=0.5,3,IF(V74>=0.4,4,5)))),0) -> 0 | AA74: =金沙鎮!B34 -> ③黃積軍 | AD74: =金沙鎮!D34 -> 2 | AE74: =金沙鎮!D34 -> 2 | AH74: =AE74/SUM(AE$72:AE$76) -> 0.0060240964 | AK74: =IF(MAX(AH$72:AH$74)=AH74,IF(AH74>=0.7,1,IF(AH74>=0.6,2,IF(AH74>=0.5,3,IF(AH74>=0.4,4,5)))),0) -> 0 | AM74: =金湖鎮!B34 -> ③黃積軍 | AP74: =金湖鎮!D34 -> 5 | AQ74: =金湖鎮!D34 -> 5 | AT74: =AQ74/SUM(AQ$72:AQ$76) -> 0.015432099 | AW74: =IF(MAX(AT$77:AT$79)=AT78,IF(AT78>=0.7,1,IF(AT78>=0.6,2,IF(AT78>=0.5,3,IF(AT78>=0.4,4,5)))),0) -> 5 | BI74: =IF(MAX(BF$72:BF$74)=BF74,IF(BF74>=0.7,1,IF(BF74>=0.6,2,IF(BF74>=0.5,3,IF(BF74>=0.4,4,5)))),0) -> 0
O75: =金城鎮!B35 -> ④楊肅元 | R75: =金城鎮!D35 -> 76 | S75: =金城鎮!D35 -> 76 | V75: =S75/SUM(S$72:S$76) -> 0.24516129 | AA75: =金沙鎮!B35 -> ④楊肅元 | AD75: =金沙鎮!D35 -> 196 | AE75: =金沙鎮!D35 -> 196 | AH75: =AE75/SUM(AE$72:AE$76) -> 0.59036145 | AM75: =金湖鎮!B35 -> ④楊肅元 | AP75: =金湖鎮!D35 -> 62 | AQ75: =金湖鎮!D35 -> 62 | AT75: =AQ75/SUM(AQ$72:AQ$76) -> 0.19135802 | AW75: =IF(MAX(AT$77:AT$79)=AT79,IF(AT79>=0.7,1,IF(AT79>=0.6,2,IF(AT79>=0.5,3,IF(AT79>=0.4,4,5)))),0) -> 0
O76: =金城鎮!B36 -> ⑤翟美玉 | R76: =金城鎮!D36 -> 73 | S76: =金城鎮!D36 -> 73 | V76: =S76/SUM(S$72:S$76) -> 0.23548387 | AA76: =金沙鎮!B36 -> ⑤翟美玉 | AD76: =金沙鎮!D36 -> 60 | AE76: =金沙鎮!D36 -> 60 | AH76: =AE76/SUM(AE$72:AE$76) -> 0.18072289 | AM76: =金湖鎮!B36 -> ⑤翟美玉 | AP76: =金湖鎮!D36 -> 85 | AQ76: =金湖鎮!D36 -> 85 | AT76: =AQ76/SUM(AQ$72:AQ$76) -> 0.26234568
N77: 賢庵里 | O77: =金城鎮!B37 -> ①吳炎成 | R77: =金城鎮!D37 -> 20 | S77: =金城鎮!D37 -> 20 | V77: =S77/SUM(S$77:S$81) -> 0.034782609 | Y77: =IF(MAX(V$77:V$79)=V77,IF(V77>=0.7,1,IF(V77>=0.6,2,IF(V77>=0.5,3,IF(V77>=0.4,4,5)))),0) -> 0 | Z77: 浦山里 | AA77: =金沙鎮!B37 -> ①吳炎成 | AD77: =金沙鎮!D37 -> 9 | AE77: =金沙鎮!D37 -> 9 | AH77: =AE77/SUM(AE$77:AE$81) -> 0.020501139 | AK77: =IF(MAX(AH$77:AH$79)=AH77,IF(AH77>=0.7,1,IF(AH77>=0.6,2,IF(AH77>=0.5,3,IF(AH77>=0.4,4,5)))),0) -> 0 | AL77: 蓮庵里 | AM77: =金湖鎮!B37 -> ①吳炎成 | AP77: =金湖鎮!D37 -> 2 | AQ77: =金湖鎮!D37 -> 2 | AT77: =AQ77/SUM(AQ$77:AQ$81) -> 0.0064308682
O78: =金城鎮!B38 -> ②李炷烽 | R78: =金城鎮!D38 -> 337 | S78: =金城鎮!D38 -> 337 | V78: =S78/SUM(S$77:S$81) -> 0.58608696 | Y78: =IF(MAX(V$77:V$79)=V78,IF(V78>=0.7,1,IF(V78>=0.6,2,IF(V78>=0.5,3,IF(V78>=0.4,4,5)))),0) -> 3 | AA78: =金沙鎮!B38 -> ②李炷烽 | AD78: =金沙鎮!D38 -> 243 | AE78: =金沙鎮!D38 -> 243 | AH78: =AE78/SUM(AE$77:AE$81) -> 0.55353075 | AK78: =IF(MAX(AH$77:AH$79)=AH78,IF(AH78>=0.7,1,IF(AH78>=0.6,2,IF(AH78>=0.5,3,IF(AH78>=0.4,4,5)))),0) -> 3 | AM78: =金湖鎮!B38 -> ②李炷烽 | AP78: =金湖鎮!D38 -> 121 | AQ78: =金湖鎮!D38 -> 121 | AT78: =AQ78/SUM(AQ$77:AQ$81) -> 0.38906752
O79: =金城鎮!B39 -> ③黃積軍 | R79: =金城鎮!D39 -> 12 | S79: =金城鎮!D39 -> 12 | V79: =S79/SUM(S$77:S$81) -> 0.020869565 | Y79: =IF(MAX(V$77:V$79)=V79,IF(V79>=0.7,1,IF(V79>=0.6,2,IF(V79>=0.5,3,IF(V79>=0.4,4,5)))),0) -> 0 | AA79: =金沙鎮!B39 -> ③黃積軍 | AD79: =金沙鎮!D39 -> 5 | AE79: =金沙鎮!D39 -> 5 | AH79: =AE79/SUM(AE$77:AE$81) -> 0.011389522 | AK79: =IF(MAX(AH$77:AH$79)=AH79,IF(AH79>=0.7,1,IF(AH79>=0.6,2,IF(AH79>=0.5,3,IF(AH79>=0.4,4,5)))),0) -> 0 | AM79: =金湖鎮!B39 -> ③黃積軍 | AP79: =金湖鎮!D39 -> 8 | AQ79: =金湖鎮!D39 -> 8 | AT79: =AQ79/SUM(AQ$77:AQ$81) -> 0.025723473
O80: =金城鎮!B40 -> ④楊肅元 | R80: =金城鎮!D40 -> 86 | S80: =金城鎮!D40 -> 86 | V80: =S80/SUM(S$77:S$81) -> 0.14956522 | AA80: =金沙鎮!B40 -> ④楊肅元 | AD80: =金沙鎮!D40 -> 89 | AE80: =金沙鎮!D40 -> 89 | AH80: =AE80/SUM(AE$77:AE$81) -> 0.20273349 | AM80: =金湖鎮!B40 -> ④楊肅元 | AP80: =金湖鎮!D40 -> 89 | AQ80: =金湖鎮!D40 -> 89 | AT80: =AQ80/SUM(AQ$77:AQ$81) -> 0.28617363
O81: =金城鎮!B41 -> ⑤翟美玉 | R81: =金城鎮!D41 -> 120 | S81: =金城鎮!D41 -> 120 | V81: =S81/SUM(S$77:S$81) -> 0.20869565 | AA81: =金沙鎮!B41 -> ⑤翟美玉 | AD81: =金沙鎮!D41 -> 93 | AE81: =金沙鎮!D41 -> 93 | AH81: =AE81/SUM(AE$77:AE$81) -> 0.2118451 | AM81: =金湖鎮!B41 -> ⑤翟美玉 | AP81: =金湖鎮!D41 -> 91 | AQ81: =金湖鎮!D41 -> 91 | AT81: =AQ81/SUM(AQ$77:AQ$81) -> 0.2926045

Sheet 圖表數據
C2: 吳炎成 | D2: 李炷烽 | E2: 黃積軍 | F2: 楊肅元 | G2: 翟美玉
B3: 金城鎮 | C3: =SUM(金城鎮!D2,金城鎮!D7,金城鎮!D12,金城鎮!D17,金城鎮!D22,金城鎮!D27,金城鎮!D32,金城鎮!D37) -> 112 | D3: =SUM(金城鎮!D3,金城鎮!D8,金城鎮!D13,金城鎮!D18,金城鎮!D23,金城鎮!D28,金城鎮!D33,金城鎮!D38) -> 3386 | E3: =SUM(金城鎮!D4,金城鎮!D9,金城鎮!D14,金城鎮!D19,金城鎮!D24,金城鎮!D29,金城鎮!D34,金城鎮!D39) -> 123 | F3: =SUM(金城鎮!D5,金城鎮!D10,金城鎮!D15,金城鎮!D20,金城鎮!D25,金城鎮!D30,金城鎮!D35,金城鎮!D40) -> 1710 | G3: =SUM(金城鎮!D6,金城鎮!D11,金城鎮!D16,金城鎮!D21,金城鎮!D26,金城鎮!D31,金城鎮!D36,金城鎮!D41) -> 1348
B4: 金寧鄉 | C4: =SUM(金寧鄉!D2,金寧鄉!D7,金寧鄉!D12,金寧鄉!D17,金寧鄉!D22,金寧鄉!D27) -> 54 | D4: =SUM(金寧鄉!D3,金寧鄉!D8,金寧鄉!D13,金寧鄉!D18,金寧鄉!D23,金寧鄉!D28) -> 1822 | E4: =SUM(金寧鄉!D4,金寧鄉!D9,金寧鄉!D14,金寧鄉!D19,金寧鄉!D24,金寧鄉!D29) -> 21 | F4: =SUM(金寧鄉!D5,金寧鄉!D10,金寧鄉!D15,金寧鄉!D20,金寧鄉!D25,金寧鄉!D30) -> 966 | G4: =SUM(金寧鄉!D6,金寧鄉!D11,金寧鄉!D16,金寧鄉!D21,金寧鄉!D26,金寧鄉!D31) -> 679
B5: 金沙鎮 | C5: =SUM(金沙鎮!D2,金沙鎮!D7,金沙鎮!D12,金沙鎮!D17,金沙鎮!D22,金沙鎮!D27,金沙鎮!D32,金沙鎮!D37) -> 93 | D5: =SUM(金沙鎮!D3,金沙鎮!D8,金沙鎮!D13,金沙鎮!D18,金沙鎮!D23,金沙鎮!D28,金沙鎮!D33,金沙鎮!D38) -> 1711 | E5: =SUM(金沙鎮!D4,金沙鎮!D9,金沙鎮!D14,金沙鎮!D19,金沙鎮!D24,金沙鎮!D29,金沙鎮!D34,金沙鎮!D39) -> 60 | F5: =SUM(金沙鎮!D5,金沙鎮!D10,金沙鎮!D15,金沙鎮!D20,金沙鎮!D25,金沙鎮!D30,金沙鎮!D35,金沙鎮!D40) -> 788 | G5: =SUM(金沙鎮!D6,金沙鎮!D11,金沙鎮!D16,金沙鎮!D21,金沙鎮!D26,金沙鎮!D31,金沙鎮!D36,金沙鎮!D41) -> 842
B6: 金湖鎮 | C6: =SUM(金湖鎮!D2,金湖鎮!D7,金湖鎮!D12,金湖鎮!D17,金湖鎮!D22,金湖鎮!D27,金湖鎮!D32,金湖鎮!D37) -> 132 | D6: =SUM(金湖鎮!D3,金湖鎮!D8,金湖鎮!D13,金湖鎮!D18,金湖鎮!D23,金湖鎮!D28,金湖鎮!D33,金湖鎮!D38) -> 2353 | E6: =SUM(金湖鎮!D4,金湖鎮!D9,金湖鎮!D14,金湖鎮!D19,金湖鎮!D24,金湖鎮!D29,金湖鎮!D34,金湖鎮!D39) -> 78 | F6: =SUM(金湖鎮!D5,金湖鎮!D10,金湖鎮!D15,金湖鎮!D20,金湖鎮!D25,金湖鎮!D30,金湖鎮!D35,金湖鎮!D40) -> 925 | G6: =SUM(金湖鎮!D6,金湖鎮!D11,金湖鎮!D16,金湖鎮!D21,金湖鎮!D26,金湖鎮!D31,金湖鎮!D36,金湖鎮!D41) -> 1121
B7: 烈嶼鄉 | C7: =SUM(烈嶼鄉!D2,烈嶼鄉!D7,烈嶼鄉!D12,烈嶼鄉!D17,烈嶼鄉!D22) -> 27 | D7: =SUM(烈嶼鄉!D3,烈嶼鄉!D8,烈嶼鄉!D13,烈嶼鄉!D18,烈嶼鄉!D23) -> 1016 | E7: =SUM(烈嶼鄉!D4,烈嶼鄉!D9,烈嶼鄉!D14,烈嶼鄉!D19,烈嶼鄉!D24) -> 21 | F7: =SUM(烈嶼鄉!D5,烈嶼鄉!D10,烈嶼鄉!D15,烈嶼鄉!D20,烈嶼鄉!D25) -> 277 | G7: =SUM(烈嶼鄉!D6,烈嶼鄉!D11,烈嶼鄉!D16,烈嶼鄉!D21,烈嶼鄉!D26) -> 597
B8: 烏坵鄉 | C8: =SUM(烏坵鄉!D2) -> 0 | D8: =SUM(烏坵鄉!D3) -> 1 | E8: =SUM(烏坵鄉!D4) -> 0 | F8: =SUM(烏坵鄉!D5) -> 3 | G8: =SUM(烏坵鄉!D6) -> 9
B9: 總計 | C9: =SUM(C3:C8) -> 418 | D9: =SUM(D3:D8) -> 10289 | E9: =SUM(E3:E8) -> 303 | F9: =SUM(F3:F8) -> 4669 | G9: =SUM(G3:G8) -> 4596
B10: 得票率 | C10: =SUM(C3:C8)/SUM(C3:G8) -> 0.020616523 | D10: =SUM(D3:D8)/SUM(C3:G8) -> 0.50747226 | E10: =SUM(E3:E8)/SUM(C3:G8) -> 0.014944513 | F10: =SUM(F3:F8)/SUM(C3:G8) -> 0.2302836 | G10: =SUM(G3:G8)/SUM(C3:G8) -> 0.22668311

Sheet 比例色代碼
C3: 基準點：北門里
AX5: =工作表1!AX5 -> 官嶼里
T7: =工作表1!T7 -> 古寧村 | Y7: =工作表1!Y7 -> 安美村 | AS7: =工作表1!AS7 -> 西園里 | BB7: =工作表1!AK72 -> 0 | BC7: =工作表1!BC7 -> 三山里
BB8: =工作表1!AK73 -> 5
X9: =工作表1!M42 -> 0 | AC9: =工作表1!M47 -> 0 | AW9: =工作表1!AK67 -> 0 | BB9: =工作表1!AK74 -> 0 | BG9: =工作表1!AK47 -> 0
X10: =工作表1!M43 -> 1 | AC10: =工作表1!M48 -> 4 | AN10: =工作表1!AN10 -> 浦山里 | AW10: =工作表1!AK68 -> 4 | AX10: =工作表1!AX10 -> 汶沙里 | BG10: =工作表1!AK48 -> 2
X11: =工作表1!M44 -> 0 | AC11: =工作表1!M49 -> 0 | AW11: =工作表1!AK69 -> 0 | BG11: =工作表1!AK49 -> 0
Y12: =工作表1!Y12 -> 湖埔村 | AD12: =工作表1!AD12 -> 后盤村 | AR12: =工作表1!AK77 -> 0 | AS12: =工作表1!AS12 -> 何斗里 | BB12: =工作表1!AK42 -> 0 | BC12: =工作表1!BC12 -> 大洋里
AR13: =工作表1!AK78 -> 3 | BB13: =工作表1!AK43 -> 3
AC14: =工作表1!M57 -> 0 | AH14: =工作表1!M52 -> 0 | AR14: =工作表1!AK79 -> 0 | AW14: =工作表1!AK62 -> 0 | BB14: =工作表1!AK44 -> 0 | BG14: =工作表1!AK52 -> 0
H15: =工作表1!H15 -> 西口村 | AC15: =工作表1!M58 -> 5 | AH15: =工作表1!M53 -> 2 | AI15: =工作表1!AI15 -> 盤山村 | AN15: =工作表1!AN15 -> 瓊林里 | AW15: =工作表1!AK63 -> 5 | AX15: =工作表1!AX15 -> 光前里 | BG15: =工作表1!AK53 -> 3
AC16: =工作表1!M59 -> 0 | AH16: =工作表1!M54 -> 0 | AW16: =工作表1!AK64 -> 0 | BG16: =工作表1!AK54 -> 0
C17: =工作表1!C17 -> 上林村 | L17: =工作表1!BI52 -> 0 | M17: =工作表1!M17 -> 黃埔村 | Y17: =工作表1!Y17 -> 西門里 | AD17: =工作表1!AD17 -> 北門里 | AM17: =工作表1!M67 -> 0 | AR17: =工作表1!AW62 -> 0 | AS17: =工作表1!AS17 -> 山外里 | BB17: =工作表1!AK57 -> 0 | BC17: =工作表1!BC17 -> 溪湖里
L18: =工作表1!BI53 -> 5 | AM18: =工作表1!M68 -> 3 | AR18: =工作表1!AW63 -> 4 | BB18: =工作表1!AK58 -> 3
G19: =工作表1!BI47 -> 0 | L19: =工作表1!BI54 -> 0 | Q19: =工作表1!BI62 -> 0 | AC19: =工作表1!Y47 -> 0 | AH19: =工作表1!Y57 -> 0 | AM19: =工作表1!M69 -> 0 | AR19: =工作表1!AW64 -> 0 | AW19: =工作表1!AW47 -> 0 | BB19: =工作表1!AK59 -> 0 | BG19: =工作表1!AW70 -> 0
G20: =工作表1!BI48 -> 2 | H20: =工作表1!H20 -> 林湖村 | Q20: =工作表1!BI63 -> 4 | AC20: =工作表1!Y48 -> 3 | AH20: =工作表1!Y58 -> 3 | AI20: =工作表1!AI20 -> 榜林村 | AN20: =工作表1!AN20 -> 正義里 | AW20: =工作表1!AW48 -> 3 | AX20: =工作表1!AX20 -> 新市里 | BG20: =工作表1!AW71 -> 4
G21: =工作表1!BI49 -> 0 | Q21: =工作表1!BI64 -> 0 | AC21: =工作表1!Y49 -> 0 | AH21: =工作表1!Y59 -> 0 | AW21: =工作表1!AW49 -> 0 | BG21: =工作表1!AW72 -> 0
C22: =工作表1!C22 -> 上岐村 | L22: =工作表1!BI57 -> 0 | Y22: =工作表1!Y22 -> 南門里 | AD22: =工作表1!AD22 -> 東門里 | AM22: =工作表1!M62 -> 0 | AR22: =工作表1!AW52 -> 0 | AS22: =工作表1!AS22 -> 新湖里 | BB22: =工作表1!AW42 -> 0 | BC22: =工作表1!BC22 -> 蓮庵里
L23: =工作表1!BI58 -> 3 | AM23: =工作表1!M63 -> 3 | AR23: =工作表1!AW53 -> 4 | BB23: =工作表1!AW43 -> 3
G24: =工作表1!BI42 -> 0 | L24: =工作表1!BI59 -> 0 | AC24: =工作表1!Y52 -> 0 | AH24: =工作表1!Y42 -> 0 | AM24: =工作表1!M64 -> 0 | AR24: =工作表1!AW54 -> 0 | AW24: =工作表1!AW67 -> 0 | BB24: =工作表1!AW44 -> 0 | BG24: =工作表1!AW73 -> 0
G25: =工作表1!BI43 -> 3 | AC25: =工作表1!Y53 -> 3 | AH25: =工作表1!Y43 -> 4 | AW25: =工作表1!AW68 -> 4 | AX25: =工作表1!AX25 -> 料羅里 | BG25: =工作表1!AW74 -> 5
G26: =工作表1!BI44 -> 0 | AC26: =工作表1!Y54 -> 0 | AH26: =工作表1!Y44 -> 0 | AW26: =工作表1!AW69 -> 0 | BG26: =工作表1!AW75 -> 0
R27: =工作表1!R27 -> 金水里 | W27: =工作表1!W27 -> 賢庵里 | AB27: =工作表1!AB27 -> 珠沙里 | BB27: =工作表1!AW57 -> 0
BB28: =工作表1!AW58 -> 2
V29: =工作表1!Y67 -> 0 | AA29: =工作表1!Y77 -> 0 | AF29: =工作表1!Y72 -> 0 | BB29: =工作表1!AW59 -> 0
V30: =工作表1!Y68 -> 4 | AA30: =工作表1!Y78 -> 3 | AF30: =工作表1!Y73 -> 3
V31: =工作表1!Y69 -> 0 | AA31: =工作表1!Y79 -> 0 | AF31: =工作表1!Y74 -> 0
W32: =工作表1!W32 -> 古城里 | AW32: 大坵村 | BC32: 小坵村
AA34: =工作表1!Y62 -> 0 | BA34: =工作表1!BI69 -> 0 | BG34: =工作表1!BI72 -> 0
AA35: =工作表1!Y63 -> 5 | BA35: =工作表1!BI70 -> 5 | BG35: =工作表1!BI73 -> 2
AA36: =工作表1!Y64 -> 0 | BA36: =工作表1!BI71 -> 0 | BG36: =工作表1!BI74 -> 0

Sheet 金城鎮
A1: 地區 | B1: 姓名 | C1: 號次 | D1: 得票數 | E1: 得票率
A2: 東門里 | B2: ①吳炎成 | C2: 1 | D2: 16 | E2: =D2/SUM(D2:D6) -> 0.016736402
B3: ②李炷烽 | C3: 2 | D3: 423 | E3: =D3/SUM(D2:D6) -> 0.44246862
B4: ③黃積軍 | C4: 3 | D4: 12 | E4: =D4/SUM(D2:D6) -> 0.012552301
B5: ④楊肅元 | C5: 4 | D5: 390 | E5: =D5/SUM(D2:D6) -> 0.40794979
B6: ⑤翟美玉 | C6: 5 | D6: 115 | E6: =D6/SUM(D2:D6) -> 0.12029289
A7: 西門里 | B7: ①吳炎成 | C7: 1 | D7: 24 | E7: =D7/SUM(D7:D11) -> 0.014226437
B8: ②李炷烽 | C8: 2 | D8: 895 | E8: =D8/SUM(D7:D11) -> 0.53052756
B9: ③黃積軍 | C9: 3 | D9: 19 | E9: =D9/SUM(D7:D11) -> 0.011262596
B10: ④楊肅元 | C10: 4 | D10: 351 | E10: =D10/SUM(D7:D11) -> 0.20806165
B11: ⑤翟美玉 | C11: 5 | D11: 398 | E11: =D11/SUM(D7:D11) -> 0.23592175
A12: 南門里 | B12: ①吳炎成 | C12: 1 | D12: 24 | E12: =D12/SUM(D12:D16) -> 0.019093079
B13: ②李炷烽 | C13: 2 | D13: 695 | E13: =D13/SUM(D12:D16) -> 0.55290374
B14: ③黃積軍 | C14: 3 | D14: 24 | E14: =D14/SUM(D12:D16) -> 0.019093079
B15: ④楊肅元 | C15: 4 | D15: 319 | E15: =D15/SUM(D12:D16) -> 0.25377884
B16: ⑤翟美玉 | C16: 5 | D16: 195 | E16: =D16/SUM(D12:D16) -> 0.15513126
A17: 北門里 | B17: ①吳炎成 | C17: 1 | D17: 12 | E17: =D17/SUM(D17:D21) -> 0.014302741
B18: ②李炷烽 | C18: 2 | D18: 463 | E18: =D18/SUM(D17:D21) -> 0.55184744
B19: ③黃積軍 | C19: 3 | D19: 15 | E19: =D19/SUM(D17:D21) -> 0.017878427
B20: ④楊肅元 | C20: 4 | D20: 173 | E20: =D20/SUM(D17:D21) -> 0.20619785
B21: ⑤翟美玉 | C21: 5 | D21: 176 | E21: =D21/SUM(D17:D21) -> 0.20977354
A22: 古城里 | B22: ①吳炎成 | C22: 1 | D22: 10 | E22: =D22/SUM(D22:D26) -> 0.014858841
B23: ②李炷烽 | C23: 2 | D23: 251 | E23: =D23/SUM(D22:D26) -> 0.37295691
B24: ③黃積軍 | C24: 3 | D24: 6 | E24: =D24/SUM(D22:D26) -> 0.0089153046
B25: ④楊肅元 | C25: 4 | D25: 227 | E25: =D25/SUM(D22:D26) -> 0.33729569
B26: ⑤翟美玉 | C26: 5 | D26: 179 | E26: =D26/SUM(D22:D26) -> 0.26597325
A27: 金水里 | B27: ①吳炎成 | C27: 1 | D27: 3 | E27: =D27/SUM(D27:D31) -> 0.0078534031
B28: ②李炷烽 | C28: 2 | D28: 166 | E28: =D28/SUM(D27:D31) -> 0.43455497
B29: ③黃積軍 | C29: 3 | D29: 33 | E29: =D29/SUM(D27:D31) -> 0.086387435
B30: ④楊肅元 | C30: 4 | D30: 88 | E30: =D30/SUM(D27:D31) -> 0.23036649
B31: ⑤翟美玉 | C31: 5 | D31: 92 | E31: =D31/SUM(D27:D31) -> 0.2408377
A32: 珠沙里 | B32: ①吳炎成 | C32: 1 | D32: 3 | E32: =D32/SUM(D32:D36) -> 0.0096774194
B33: ②李炷烽 | C33: 2 | D33: 156 | E33: =D33/SUM(D32:D36) -> 0.50322581
B34: ③黃積軍 | C34: 3 | D34: 2 | E34: =D34/SUM(D32:D36) -> 0.0064516129
B35: ④楊肅元 | C35: 4 | D35: 76 | E35: =D35/SUM(D32:D36) -> 0.24516129
B36: ⑤翟美玉 | C36: 5 | D36: 73 | E36: =D36/SUM(D32:D36) -> 0.23548387
A37: 賢庵里 | B37: ①吳炎成 | C37: 1 | D37: 20 | E37: =D37/SUM(D37:D41) -> 0.034782609
B38: ②李炷烽 | C38: 2 | D38: 337 | E38: =D38/SUM(D37:D41) -> 0.58608696
B39: ③黃積軍 | C39: 3 | D39: 12 | E39: =D39/SUM(D37:D41) -> 0.020869565
B40: ④楊肅元 | C40: 4 | D40: 86 | E40: =D40/SUM(D37:D41) -> 0.14956522
B41: ⑤翟美玉 | C41: 5 | D41: 120 | E41: =D41/SUM(D37:D41) -> 0.20869565

Sheet 金寧鄉
A1: 地區 | B1: 姓名 | C1: 號次 | D1: 得票數 | E1: 得票率
A2: 古寧村 | B2: ①吳炎成 | C2: 1 | D2: 5 | E2: =D2/SUM(D2:D6) -> 0.0080906149
B3: ②李炷烽 | C3: 2 | D3: 485 | E3: =D3/SUM(D2:D6) -> 0.78478964
B4: ③黃積軍 | C4: 3 | D4: 5 | E4: =D4/SUM(D2:D6) -> 0.0080906149
B5: ④楊肅元 | C5: 4 | D5: 63 | E5: =D5/SUM(D2:D6) -> 0.10194175
B6: ⑤翟美玉 | C6: 5 | D6: 60 | E6: =D6/SUM(D2:D6) -> 0.097087379
A7: 安美村 | B7: ①吳炎成 | C7: 1 | D7: 14 | E7: =D7/SUM(D7:D11) -> 0.017834395
B8: ②李炷烽 | C8: 2 | D8: 321 | E8: =D8/SUM(D7:D11) -> 0.4089172
B9: ③黃積軍 | C9: 3 | D9: 8 | E9: =D9/SUM(D7:D11) -> 0.010191083
B10: ④楊肅元 | C10: 4 | D10: 302 | E10: =D10/SUM(D7:D11) -> 0.38471338
B11: ⑤翟美玉 | C11: 5 | D11: 140 | E11: =D11/SUM(D7:D11) -> 0.17834395
A12: 后盤村 | B12: ①吳炎成 | C12: 1 | D12: 8 | E12: =D12/SUM(D12:D16) -> 0.031746032
B13: ②李炷烽 | C13: 2 | D13: 165 | E13: =D13/SUM(D12:D16) -> 0.6547619
B14: ③黃積軍 | C14: 3 | D14: 0 | E14: =D14/SUM(D12:D16) -> 0
B15: ④楊肅元 | C15: 4 | D15: 28 | E15: =D15/SUM(D12:D16) -> 0.11111111
B16: ⑤翟美玉 | C16: 5 | D16: 51 | E16: =D16/SUM(D12:D16) -> 0.20238095
A17: 湖埔村 | B17: ①吳炎成 | C17: 1 | D17: 8 | E17: =D17/SUM(D17:D21) -> 0.013157895
B18: ②李炷烽 | C18: 2 | D18: 168 | E18: =D18/SUM(D17:D21) -> 0.27631579
B19: ③黃積軍 | C19: 3 | D19: 2 | E19: =D19/SUM(D17:D21) -> 0.0032894737
B20: ④楊肅元 | C20: 4 | D20: 322 | E20: =D20/SUM(D17:D21) -> 0.52960526
B21: ⑤翟美玉 | C21: 5 | D21: 108 | E21: =D21/SUM(D17:D21) -> 0.17763158
A22: 榜林村 | B22: ①吳炎成 | C22: 1 | D22: 11 | E22: =D22/SUM(D22:D26) -> 0.015714286
B23: ②李炷烽 | C23: 2 | D23: 370 | E23: =D23/SUM(D22:D26) -> 0.52857143
B24: ③黃積軍 | C24: 3 | D24: 5 | E24: =D24/SUM(D22:D26) -> 0.0071428571
B25: ④楊肅元 | C25: 4 | D25: 138 | E25: =D25/SUM(D22:D26) -> 0.19714286
B26: ⑤翟美玉 | C26: 5 | D26: 176 | E26: =D26/SUM(D22:D26) -> 0.25142857
A27: 盤山村 | B27: ①吳炎成 | C27: 1 | D27: 8 | E27: =D27/SUM(D27:D31) -> 0.013816926
B28: ②李炷烽 | C28: 2 | D28: 313 | E28: =D28/SUM(D27:D31) -> 0.54058722
B29: ③黃積軍 | C29: 3 | D29: 1 | E29: =D29/SUM(D27:D31) -> 0.0017271157
B30: ④楊肅元 | C30: 4 | D30: 113 | E30: =D30/SUM(D27:D31) -> 0.19516408
B31: ⑤翟美玉 | C31: 5 | D31: 144 | E31: =D31/SUM(D27:D31) -> 0.24870466

Sheet 金沙鎮
A1: 地區 | B1: 姓名 | C1: 號次 | D1: 得票數 | E1: 得票率
A2: 汶沙里 | B2: ①吳炎成 | C2: 1 | D2: 30 | E2: =D2/SUM(D2:D6) -> 0.029211295
B3: ②李炷烽 | C3: 2 | D3: 558 | E3: =D3/SUM(D2:D6) -> 0.54333009
B4: ③黃積軍 | C4: 3 | D4: 17 | E4: =D4/SUM(D2:D6) -> 0.016553067
B5: ④楊肅元 | C5: 4 | D5: 271 | E5: =D5/SUM(D2:D6) -> 0.26387537
B6: ⑤翟美玉 | C6: 5 | D6: 151 | E6: =D6/SUM(D2:D6) -> 0.14703019
A7: 三山里 | B7: ①吳炎成 | C7: 1 | D7: 11 | E7: =D7/SUM(D7:D11) -> 0.030985915
B8: ②李炷烽 | C8: 2 | D8: 216 | E8: =D8/SUM(D7:D11) -> 0.6084507
B9: ③黃積軍 | C9: 3 | D9: 6 | E9: =D9/SUM(D7:D11) -> 0.016901408
B10: ④楊肅元 | C10: 4 | D10: 40 | E10: =D10/SUM(D7:D11) -> 0.11267606
B11: ⑤翟美玉 | C11: 5 | D11: 82 | E11: =D11/SUM(D7:D11) -> 0.23098592
A12: 大洋里 | B12: ①吳炎成 | C12: 1 | D12: 12 | E12: =D12/SUM(D12:D16) -> 0.05106383
B13: ②李炷烽 | C13: 2 | D13: 120 | E13: =D13/SUM(D12:D16) -> 0.5106383
B14: ③黃積軍 | C14: 3 | D14: 2 | E14: =D14/SUM(D12:D16) -> 0.0085106383
B15: ④楊肅元 | C15: 4 | D15: 26 | E15: =D15/SUM(D12:D16) -> 0.1106383
B16: ⑤翟美玉 | C16: 5 | D16: 75 | E16: =D16/SUM(D12:D16) -> 0.31914894
A17: 光前里 | B17: ①吳炎成 | C17: 1 | D17: 8 | E17: =D17/SUM(D17:D21) -> 0.020618557
B18: ②李炷烽 | C18: 2 | D18: 199 | E18: =D18/SUM(D17:D21) -> 0.5128866
B19: ③黃積軍 | C19: 3 | D19: 13 | E19: =D19/SUM(D17:D21) -> 0.033505155
B20: ④楊肅元 | C20: 4 | D20: 43 | E20: =D20/SUM(D17:D21) -> 0.11082474
B21: ⑤翟美玉 | C21: 5 | D21: 125 | E21: =D21/SUM(D17:D21) -> 0.32216495
A22: 何斗里 | B22: ①吳炎成 | C22: 1 | D22: 14 | E22: =D22/SUM(D22:D26) -> 0.03255814
B23: ②李炷烽 | C23: 2 | D23: 166 | E23: =D23/SUM(D22:D26) -> 0.38604651
B24: ③黃積軍 | C24: 3 | D24: 6 | E24: =D24/SUM(D22:D26) -> 0.013953488
B25: ④楊肅元 | C25: 4 | D25: 70 | E25: =D25/SUM(D22:D26) -> 0.1627907
B26: ⑤翟美玉 | C26: 5 | D26: 174 | E26: =D26/SUM(D22:D26) -> 0.40465116
A27: 西園里 | B27: ①吳炎成 | C27: 1 | D27: 8 | E27: =D27/SUM(D27:D31) -> 0.027777778
B28: ②李炷烽 | C28: 2 | D28: 136 | E28: =D28/SUM(D27:D31) -> 0.47222222
B29: ③黃積軍 | C29: 3 | D29: 9 | E29: =D29/SUM(D27:D31) -> 0.03125
B30: ④楊肅元 | C30: 4 | D30: 53 | E30: =D30/SUM(D27:D31) -> 0.18402778
B31: ⑤翟美玉 | C31: 5 | D31: 82 | E31: =D31/SUM(D27:D31) -> 0.28472222
A32: 官嶼里 | B32: ①吳炎成 | C32: 1 | D32: 1 | E32: =D32/SUM(D32:D36) -> 0.0030120482
B33: ②李炷烽 | C33: 2 | D33: 73 | E33: =D33/SUM(D32:D36) -> 0.21987952
B34: ③黃積軍 | C34: 3 | D34: 2 | E34: =D34/SUM(D32:D36) -> 0.0060240964
B35: ④楊肅元 | C35: 4 | D35: 196 | E35: =D35/SUM(D32:D36) -> 0.59036145
B36: ⑤翟美玉 | C36: 5 | D36: 60 | E36: =D36/SUM(D32:D36) -> 0.18072289
A37: 浦山里 | B37: ①吳炎成 | C37: 1 | D37: 9 | E37: =D37/SUM(D37:D41) -> 0.020501139
B38: ②李炷烽 | C38: 2 | D38: 243 | E38: =D38/SUM(D37:D41) -> 0.55353075
B39: ③黃積軍 | C39: 3 | D39: 5 | E39: =D39/SUM(D37:D41) -> 0.011389522
B40: ④楊肅元 | C40: 4 | D40: 89 | E40: =D40/SUM(D37:D41) -> 0.20273349
B41: ⑤翟美玉 | C41: 5 | D41: 93 | E41: =D41/SUM(D37:D41) -> 0.2118451

Sheet 金湖鎮
A1: 地區 | B1: 姓名 | C1: 號次 | D1: 得票數 | E1: 得票率
A2: 新市里 | B2: ①吳炎成 | C2: 1 | D2: 22 | E2: =D2/SUM(D2:D6) -> 0.021093001
B3: ②李炷烽 | C3: 2 | D3: 595 | E3: =D3/SUM(D2:D6) -> 0.5704698
B4: ③黃積軍 | C4: 3 | D4: 14 | E4: =D4/SUM(D2:D6) -> 0.013422819
B5: ④楊肅元 | C5: 4 | D5: 244 | E5: =D5/SUM(D2:D6) -> 0.23394056
B6: ⑤翟美玉 | C6: 5 | D6: 168 | E6: =D6/SUM(D2:D6) -> 0.16107383
A7: 山外里 | B7: ①吳炎成 | C7: 1 | D7: 24 | E7: =D7/SUM(D7:D11) -> 0.032476319
B8: ②李炷烽 | C8: 2 | D8: 381 | E8: =D8/SUM(D7:D11) -> 0.51556157
B9: ③黃積軍 | C9: 3 | D9: 7 | E9: =D9/SUM(D7:D11) -> 0.0094722598
B10: ④楊肅元 | C10: 4 | D10: 125 | E10: =D10/SUM(D7:D11) -> 0.1691475
B11: ⑤翟美玉 | C11: 5 | D11: 202 | E11: =D11/SUM(D7:D11) -> 0.27334235
A12: 正義里 | B12: ①吳炎成 | C12: 1 | D12: 15 | E12: =D12/SUM(D12:D16) -> 0.029069767
B13: ②李炷烽 | C13: 2 | D13: 237 | E13: =D13/SUM(D12:D16) -> 0.45930233
B14: ③黃積軍 | C14: 3 | D14: 14 | E14: =D14/SUM(D12:D16) -> 0.027131783
B15: ④楊肅元 | C15: 4 | D15: 89 | E15: =D15/SUM(D12:D16) -> 0.17248062
B16: ⑤翟美玉 | C16: 5 | D16: 161 | E16: =D16/SUM(D12:D16) -> 0.3120155
A17: 料羅里 | B17: ①吳炎成 | C17: 1 | D17: 10 | E17: =D17/SUM(D17:D21) -> 0.03164557
B18: ②李炷烽 | C18: 2 | D18: 193 | E18: =D18/SUM(D17:D21) -> 0.61075949
B19: ③黃積軍 | C19: 3 | D19: 6 | E19: =D19/SUM(D17:D21) -> 0.018987342
B20: ④楊肅元 | C20: 4 | D20: 45 | E20: =D20/SUM(D17:D21) -> 0.14240506
B21: ⑤翟美玉 | C21: 5 | D21: 62 | E21: =D21/SUM(D17:D21) -> 0.19620253
A22: 瓊林里 | B22: ①吳炎成 | C22: 1 | D22: 19 | E22: =D22/SUM(D22:D26) -> 0.028963415
B23: ②李炷烽 | C23: 2 | D23: 321 | E23: =D23/SUM(D22:D26) -> 0.48932927
B24: ③黃積軍 | C24: 3 | D24: 8 | E24: =D24/SUM(D22:D26) -> 0.012195122
B25: ④楊肅元 | C25: 4 | D25: 167 | E25: =D25/SUM(D22:D26) -> 0.25457317
B26: ⑤翟美玉 | C26: 5 | D26: 141 | E26: =D26/SUM(D22:D26) -> 0.21493902
A27: 新湖里 | B27: ①吳炎成 | C27: 1 | D27: 25 | E27: =D27/SUM(D27:D31) -> 0.035511364
B28: ②李炷烽 | C28: 2 | D28: 348 | E28: =D28/SUM(D27:D31) -> 0.49431818
B29: ③黃積軍 | C29: 3 | D29: 16 | E29: =D29/SUM(D27:D31) -> 0.022727273
B30: ④楊肅元 | C30: 4 | D30: 104 | E30: =D30/SUM(D27:D31) -> 0.14772727
B31: ⑤翟美玉 | C31: 5 | D31: 211 | E31: =D31/SUM(D27:D31) -> 0.29971591
A32: 溪湖里 | B32: ①吳炎成 | C32: 1 | D32: 15 | E32: =D32/SUM(D32:D36) -> 0.046296296
B33: ②李炷烽 | C33: 2 | D33: 157 | E33: =D33/SUM(D32:D36) -> 0.4845679
B34: ③黃積軍 | C34: 3 | D34: 5 | E34: =D34/SUM(D32:D36) -> 0.015432099
B35: ④楊肅元 | C35: 4 | D35: 62 | E35: =D35/SUM(D32:D36) -> 0.19135802
B36: ⑤翟美玉 | C36: 5 | D36: 85 | E36: =D36/SUM(D32:D36) -> 0.26234568
A37: 蓮庵里 | B37: ①吳炎成 | C37: 1 | D37: 2 | E37: =D37/SUM(D37:D41) -> 0.0064308682
B38: ②李炷烽 | C38: 2 | D38: 121 | E38: =D38/SUM(D37:D41) -> 0.38906752
B39: ③黃積軍 | C39: 3 | D39: 8 | E39: =D39/SUM(D37:D41) -> 0.025723473
B40: ④楊肅元 | C40: 4 | D40: 89 | E40: =D40/SUM(D37:D41) -> 0.28617363
B41: ⑤翟美玉 | C41: 5 | D41: 91 | E41: =D41/SUM(D37:D41) -> 0.2926045

Sheet 烈嶼鄉
A1: 地區 | B1: 姓名 | C1: 號次 | D1: 得票數 | E1: 得票率
A2: 上岐村 | B2: ①吳炎成 | C2: 1 | D2: 9 | E2: =D2/SUM(D2:D6) -> 0.018442623
B3: ②李炷烽 | C3: 2 | D3: 291 | E3: =D3/SUM(D2:D6) -> 0.59631148
B4: ③黃積軍 | C4: 3 | D4: 6 | E4: =D4/SUM(D2:D6) -> 0.012295082
B5: ④楊肅元 | C5: 4 | D5: 91 | E5: =D5/SUM(D2:D6) -> 0.18647541
B6: ⑤翟美玉 | C6: 5 | D6: 91 | E6: =D6/SUM(D2:D6) -> 0.18647541
A7: 上林村 | B7: ①吳炎成 | C7: 1 | D7: 1 | E7: =D7/SUM(D7:D11) -> 0.0042918455
B8: ②李炷烽 | C8: 2 | D8: 141 | E8: =D8/SUM(D7:D11) -> 0.60515021
B9: ③黃積軍 | C9: 3 | D9: 2 | E9: =D9/SUM(D7:D11) -> 0.008583691
B10: ④楊肅元 | C10: 4 | D10: 18 | E10: =D10/SUM(D7:D11) -> 0.077253219
B11: ⑤翟美玉 | C11: 5 | D11: 71 | E11: =D11/SUM(D7:D11) -> 0.30472103
A12: 西口村 | B12: ①吳炎成 | C12: 1 | D12: 3 | E12: =D12/SUM(D12:D16) -> 0.0088495575
B13: ②李炷烽 | C13: 2 | D13: 127 | E13: =D13/SUM(D12:D16) -> 0.37463127
B14: ③黃積軍 | C14: 3 | D14: 2 | E14: =D14/SUM(D12:D16) -> 0.005899705
B15: ④楊肅元 | C15: 4 | D15: 34 | E15: =D15/SUM(D12:D16) -> 0.10029499
B16: ⑤翟美玉 | C16: 5 | D16: 173 | E16: =D16/SUM(D12:D16) -> 0.51032448
A17: 林湖村 | B17: ①吳炎成 | C17: 1 | D17: 8 | E17: =D17/SUM(D17:D21) -> 0.012820513
B18: ②李炷烽 | C18: 2 | D18: 344 | E18: =D18/SUM(D17:D21) -> 0.55128205
B19: ③黃積軍 | C19: 3 | D19: 5 | E19: =D19/SUM(D17:D21) -> 0.0080128205
B20: ④楊肅元 | C20: 4 | D20: 96 | E20: =D20/SUM(D17:D21) -> 0.15384615
B21: ⑤翟美玉 | C21: 5 | D21: 171 | E21: =D21/SUM(D17:D21) -> 0.27403846
A22: 黃埔村 | B22: ①吳炎成 | C22: 1 | D22: 6 | E22: =D22/SUM(D22:D26) -> 0.023622047
B23: ②李炷烽 | C23: 2 | D23: 113 | E23: =D23/SUM(D22:D26) -> 0.44488189
B24: ③黃積軍 | C24: 3 | D24: 6 | E24: =D24/SUM(D22:D26) -> 0.023622047
B25: ④楊肅元 | C25: 4 | D25: 38 | E25: =D25/SUM(D22:D26) -> 0.1496063
B26: ⑤翟美玉 | C26: 5 | D26: 91 | E26: =D26/SUM(D22:D26) -> 0.35826772

Sheet 烏坵鄉
A1: 地區 | B1: 姓名 | C1: 號次 | D1: 得票數 | E1: 得票率
A2: 大坵村 | B2: ①吳炎成 | C2: 1 | D2: 0 | E2: =D2/SUM(D2:D6) -> 0
B3: ②李炷烽 | C3: 2 | D3: 1 | E3: =D3/SUM(D2:D6) -> 0.076923077
B4: ③黃積軍 | C4: 3 | D4: 0 | E4: =D4/SUM(D2:D6) -> 0
B5: ④楊肅元 | C5: 4 | D5: 3 | E5: =D5/SUM(D2:D6) -> 0.23076923
B6: ⑤翟美玉 | C6: 5 | D6: 9 | E6: =D6/SUM(D2:D6) -> 0.69230769
